fluid,operator,project_status,inplace,depth,temp,poro,perm,saturate,api_dens,visc,avg_fluid_rate,location,region,prospect_rank
Gas,NON_PERTAMINA,ONSHORE,280.0,5627.0,97.53791063072087,0.2315401,396.2948,0.5446487,0.6547354,0.0,61.13619,Jawa Timur,Jawa,1
Gas,PERTAMINA,OFFSHORE,5.0,1588.0,60.75444851743777,0.3716486,975.0449,0.5861887,0.7697566,0.0,8.260639,Jawa Barat,Jawa,0
Gas,PERTAMINA,OFFSHORE,17.31,3775.0,84.0044226961409,0.3508701,1985.562,0.6278563,0.7746674,0.0,0.2098919,Jawa Barat,Jawa,0
Gas,PERTAMINA,BOTH,7135.0,6383.0,76.45,0.2012669,619.7617,0.6813745,0.7837487,0.0,15.83387,Selat Makasar,Kalimantan,2
Gas,NON_PERTAMINA,ONSHORE,15.9,2067.0,67.05331183585456,0.2130108,108.1771,0.7014102,0.7106263,0.0,6.929915,Riau,Sumatera,1
Gas,NON_PERTAMINA,OFFSHORE,76.0,4000.0,85.84414419803454,0.2221543,666.4109,0.6238031,0.7147052,0.0,5.009275,Laut Natuna Utara,Sumatera,1
Gas,NON_PERTAMINA,ONSHORE,861.0,4275.0,88.00677819973974,0.2883004,3978.549,0.7396817,0.8450114,0.0,459.4279,Sumatera Selatan,Sumatera,1
Gas,NON_PERTAMINA,ONSHORE,263.0,6588.0,103.465942973934,0.1573275,122.5359,0.4281163,0.8034328,0.0,16.7785,Jawa Timur,Jawa,1
Gas,NON_PERTAMINA,ONSHORE,2.159,2000.0,66.2316006569589,0.2658782,92.94952,0.6991525,0.8193384,0.0,23.66417,Maluku,Timur,1
Gas,PERTAMINA,OFFSHORE,6.0,3775.0,84.0044226961409,0.3386388,126.3486,0.6991754,0.7746674,0.0,10.57149,Jawa Barat,Jawa,0
Gas,PERTAMINA,OFFSHORE,26.0,1900.0,51.7,0.2552916,56.43939,0.7828463,0.9176663,0.0,4.457372,Jawa Barat,Jawa,0
Gas,NON_PERTAMINA,OFFSHORE,280.0,7736.0,109.87596095885232,0.120361,193.0441,0.1742464,0.7977383,0.0,6.420026,Selat Malaka,Sumatera,0
Gas,NON_PERTAMINA,OFFSHORE,173.0,1250.0,55.549934796073416,0.2807194,814.5703,0.6468639,0.8417832,0.0,11.06545,Laut Natuna Utara,Sumatera,1
Gas,NON_PERTAMINA,OFFSHORE,34.0,3775.0,84.0044226961409,0.3198842,160.4861,0.6991754,0.7746534,0.0,22.01876,Laut Jawa,Jawa,1
Gas,NON_PERTAMINA,ONSHORE,527.0,7250.0,107.24037123090896,0.1528479,20.85388,0.4882834,0.8031358,0.0,51.88389,Sumatera Selatan,Sumatera,1
Gas,NON_PERTAMINA,ONSHORE,272.0,5500.0,96.70825457257487,0.2191516,184.5793,0.5135043,0.7392845,0.0,53.27605,Jambi,Sumatera,1
Gas,NON_PERTAMINA,ONSHORE,675.042,7750.0,109.9503265939446,0.2454521,861.9648,0.7672809,0.651668,0.0,7.272779,Papua Barat,Timur,1
Gas,PERTAMINA,OFFSHORE,360.0,3775.0,84.0044226961409,0.2626095,332.6764,0.5920855,0.8382971,0.0,53.45844,Jawa Barat,Jawa,1
Gas,PERTAMINA,OFFSHORE,239.0,3775.0,84.0044226961409,0.2739607,151.1685,0.6236232,0.8365216,0.0,14.39353,Jawa Barat,Jawa,1
Gas,NON_PERTAMINA,ONSHORE,6743.0,11056.0,204.0,0.1394514,18.67255,0.5903869,0.7125723,0.0,15.83387,Aceh,Sumatera,1
Gas,NON_PERTAMINA,ONSHORE,1337.0,13993.0,137.15753165681127,0.04416493,12.28067,0.7982349,1.457996,0.0,15.70125,Maluku,Timur,1
Gas,NON_PERTAMINA,OFFSHORE,8.586,3035.0,59.8829,0.187049,1219.978,0.5206411,0.8328982,0.0,11.79412,Laut Natuna Utara,Sumatera,2
Gas,PERTAMINA,OFFSHORE,18.405,3775.0,84.0044226961409,0.3553947,67.91208,0.6278563,0.7746674,0.0,125.5798,Jawa Barat,Jawa,0
Gas,NON_PERTAMINA,OFFSHORE,92.3,8200.0,112.29721097189412,0.3004412,57.95309,0.6225463,0.8423855,0.0,30.00198,Selat Makasar,Kalimantan,2
Gas,NON_PERTAMINA,ONSHORE,80.9,7785.0,110.13587362699516,0.1547602,245.0844,0.4875555,0.8034328,0.0,78.28732,Aceh,Sumatera,1
Gas,NON_PERTAMINA,BOTH,107.11,5000.0,93.31992955040016,0.3014258,57.95309,0.7033963,0.8423855,0.0,66.49445,Laut Jawa,Jawa,1
Gas,NON_PERTAMINA,BOTH,44.1,2300.0,69.78761923629938,0.206967,963.394,0.4788652,0.7165383,0.0,9.279937,Laut Jawa,Jawa,1
Gas,NON_PERTAMINA,BOTH,62.0,4068.0,86.3873547926623,0.3742266,975.0449,0.4549168,0.7697566,0.0,74.84211,Laut Jawa,Jawa,1
Gas,NON_PERTAMINA,BOTH,125.599,3250.0,79.42671121977969,0.3029544,114.4529,0.6609739,0.8423855,0.0,9.10302,Laut Jawa,Jawa,2
Gas,NON_PERTAMINA,BOTH,427.0,3691.0,83.30002434867919,0.2626095,332.6764,0.5920855,0.8382971,0.0,49.19107,Papua Barat,Timur,1
Gas,NON_PERTAMINA,OFFSHORE,75.0,3775.0,84.0044226961409,0.3033779,114.4529,0.7033963,0.8423855,0.0,52.61821,Laut Jawa,Jawa,1
Gas,NON_PERTAMINA,OFFSHORE,820.0,2250.0,69.2160043282578,0.1977402,165.1927,0.4614256,0.7808007,0.0,47.48006,Laut Jawa,Jawa,1
Gas,NON_PERTAMINA,ONSHORE,20.31,4275.0,88.00677819973974,0.3336299,325.2355,0.6991754,0.7776215,0.0,21.28564,Jambi,Sumatera,1
Gas,PERTAMINA,BOTH,14.9,3927.0,85.25452045501567,0.2674828,74.64626,0.5689393,0.7615536,0.0,70.17223,Jawa Barat,Jawa,1
Gas,PERTAMINA,BOTH,49.804,5000.0,93.31992955040016,0.2907282,2487.279,0.6647971,0.8450114,0.0,74.64538,Jawa Barat,Jawa,1
Gas,PERTAMINA,ONSHORE,9.7,10000.0,120.95388620255648,0.1920483,106.1219,0.7816007,0.8186965,0.0,6.950097,Kalimantan Timur,Kalimantan,1
Gas,PERTAMINA,BOTH,47.0,3995.0,85.80397488386213,0.2972679,235.6735,0.6878065,0.8423855,0.0,71.42558,Selat Malaka,Sumatera,1
Gas,PERTAMINA,BOTH,81.0,3995.0,85.80397488386213,0.297145,59.63661,0.6132483,0.8423855,0.0,78.28732,Selat Malaka,Sumatera,1
Gas,PERTAMINA,OFFSHORE,1.95,2300.0,64.9,0.1600254,85.91798,0.4686813,0.7920626,0.0,10.24635,Jawa Barat,Jawa,0
Gas,PERTAMINA,ONSHORE,29.27,4275.0,88.00677819973974,0.3209264,160.4861,0.6991754,0.7746534,0.0,7.838592,Riau,Sumatera,1
Gas,PERTAMINA,BOTH,3.953,1581.0,60.65409572930165,0.2984117,165.2994,0.694718,0.8423855,0.0,6.490052,Jawa Barat,Jawa,1
Gas,PERTAMINA,ONSHORE,8.325,1970.0,65.85808351136274,0.2376418,59.30872,0.5408942,0.6248093,0.0,27.24387,Kalimantan Timur,Kalimantan,1
Gas,NON_PERTAMINA,ONSHORE,20140.0,4275.0,88.00677819973974,0.3072473,942.7424,0.6183462,0.8440693,0.0,165.6952,Sumatera Selatan,Sumatera,1
Gas,PERTAMINA,BOTH,9.429,1985.0,66.04528367644336,0.2205219,165.1224,0.6912154,0.739697,0.0,13.31598,Jawa Barat,Jawa,1
Gas,PERTAMINA,BOTH,2.913,3250.0,79.42671121977969,0.1968782,107.3559,0.5945665,0.8201417,0.0,2.691344,Jawa Barat,Jawa,1
Gas,NON_PERTAMINA,ONSHORE,207.42,5300.0,95.37704372152862,0.2037659,148.4817,0.502045,0.8806835,0.0,25.38097,Jambi,Sumatera,1
Gas,PERTAMINA,OFFSHORE,201.0,8250.0,112.55295308197896,0.1820882,58.2107,0.6009694,0.819289,0.0,64.21008,Selat Makasar,Kalimantan,1
Gas,PERTAMINA,OFFSHORE,3.5,3300.0,103.4,0.2727549,879.6625,0.4497186,0.9040906,0.0,60.1636,Jawa Barat,Jawa,0
Gas,NON_PERTAMINA,BOTH,1438.15,6174.0,100.98336952691272,0.1216229,193.0441,0.3000443,0.7977383,0.0,17.16655,Selat Malaka,Sumatera,1
Gas,PERTAMINA,BOTH,265.4,8200.0,112.29721097189412,0.2769079,269.4337,0.6133066,0.8417832,0.0,66.46856,Kalimantan Utara,Kalimantan,1
Gas,PERTAMINA,OFFSHORE,141.018,7100.0,106.40467283715252,0.2234726,93.64886,0.5616331,0.6433482,0.0,32.92207,Selat Makasar,Kalimantan,1
Gas,NON_PERTAMINA,OFFSHORE,157.0,5948.0,99.58397091954244,0.2368029,502.7383,0.7327808,0.6248093,0.0,82.31956,Laut Natuna Utara,Sumatera,1
Gas,PERTAMINA,BOTH,49.32,2300.0,59.400000000000006,0.173438,478.4951,0.3863795,0.8328982,0.0,15.51847,Kalimantan Utara,Kalimantan,1
Gas,PERTAMINA,OFFSHORE,6.19,1800.0,64.9,0.2837435,2360.414,0.6360077,0.756624,0.0,56.15696,Jawa Barat,Jawa,0
Gas,PERTAMINA,BOTH,18882.0,10780.0,81.4,0.2997081,483.3291,0.8025897,0.630865,0.0,27.99518,Selat Makasar,Kalimantan,2
Gas,NON_PERTAMINA,OFFSHORE,88.0,3710.0,80.30000000000001,0.2786436,302.4089,0.4808362,0.7803656,0.0,63.91319,Laut Natuna Utara,Sumatera,2
Gas,PERTAMINA,ONSHORE,1.5,10500.0,123.18245701796556,0.1721202,78.75341,0.7793997,0.8098195,0.0,12.89167,Kalimantan Timur,Kalimantan,1
Gas,NON_PERTAMINA,OFFSHORE,2604.391,8735.0,116.05,0.1261581,250.5103,0.7742893,0.7053734,0.0,30.3366,Papua Barat,Timur,1
Gas,NON_PERTAMINA,ONSHORE,2604.391,8735.0,116.05,0.1261581,250.5103,0.7742893,0.7053734,0.0,30.3366,Papua Barat,Timur,1
Gas,NON_PERTAMINA,OFFSHORE,162.0,9525.0,118.7711888998197,0.1585625,66.44479,0.7033411,0.8034328,0.0,4.191811,Teluk Berau,Timur,1
Gas,PERTAMINA,OFFSHORE,11.47,5500.0,96.70825457257487,0.220174,165.1224,0.5989424,0.739697,0.0,50.72643,Laut Jawa,Jawa,1
Gas,NON_PERTAMINA,ONSHORE,1981.83,9150.0,134.75,0.05898619,8.822358,0.6497821,1.447722,0.0,15.73693,Kalimantan Tengah,Kalimantan,2
Gas,NON_PERTAMINA,ONSHORE,428.4,1328.0,73.15,0.2394965,137.742,0.7680077,0.5636793,0.0,1.163244,Riau,Sumatera,2
Gas,NON_PERTAMINA,ONSHORE,428.4,1328.0,73.15,0.2394965,137.742,0.7680077,0.5636793,0.0,1.163244,Riau,Sumatera,2
Gas,NON_PERTAMINA,OFFSHORE,4817.1,12845.0,123.20000000000002,0.1186432,155.9794,0.8418816,0.7198746,0.0,27.98884,Teluk Berau,Timur,2
Gas,NON_PERTAMINA,ONSHORE,1485.0,5200.0,94.69962905115592,0.1903597,65.23323,0.4983107,0.8277056,0.0,67.92367,Sumatera Selatan,Sumatera,2
Gas,NON_PERTAMINA,ONSHORE,428.0,5564.0,97.1278303279386,0.2247497,273.6423,0.5307709,0.6521167,0.0,28.85748,Sumatera Selatan,Sumatera,2
Gas,NON_PERTAMINA,ONSHORE,212.0,3250.0,79.42671121977969,0.1898358,958.2147,0.578436,0.8277056,0.0,5.244204,Sumatera Selatan,Sumatera,2
Gas,NON_PERTAMINA,ONSHORE,212.0,3250.0,79.42671121977969,0.1898358,958.2147,0.578436,0.8277056,0.0,5.244204,Sumatera Selatan,Sumatera,2
Gas,NON_PERTAMINA,ONSHORE,6623.0,7100.0,152.9,0.06330901,201.2441,0.2000223,0.7195771,0.0,17.20618,Sumatera Selatan,Sumatera,2
Gas,NON_PERTAMINA,ONSHORE,6623.0,7100.0,152.9,0.06330901,201.2441,0.2000223,0.7195771,0.0,17.20618,Sumatera Selatan,Sumatera,2
Gas,PERTAMINA,OFFSHORE,44.054,2523.0,72.24657475124619,0.2618117,595.6729,0.6041095,0.8382971,0.0,72.31319,Selat Makasar,Kalimantan,2
Gas,PERTAMINA,OFFSHORE,201.0,8250.0,112.55295308197896,0.1820882,58.2107,0.6009694,0.819289,0.0,64.21008,Selat Makasar,Kalimantan,2
Gas,PERTAMINA,OFFSHORE,141.018,7100.0,106.40467283715252,0.2234726,93.64886,0.5616331,0.6433482,0.0,32.92207,Selat Makasar,Kalimantan,2
Gas,NON_PERTAMINA,ONSHORE,207.42,5300.0,95.37704372152862,0.2037659,148.4817,0.502045,0.8806835,0.0,25.38097,Jambi,Sumatera,2
Gas,PERTAMINA,ONSHORE,267.67,6480.0,102.8279538197922,0.1686232,108.9766,0.5701774,0.8034328,0.0,13.04356,Sumatera Selatan,Sumatera,2
Gas,PERTAMINA,ONSHORE,1009.93,7011.0,105.90359193440366,0.1460565,17.18907,0.4308568,0.8031358,0.0,17.15965,Sumatera Selatan,Sumatera,2
Gas,NON_PERTAMINA,OFFSHORE,194.0,5375.0,119.35,0.181778,58.2107,0.3802676,0.7798384,0.0,2.863511,Laut Natuna Utara,Sumatera,2
Gas,NON_PERTAMINA,BOTH,102.82,3000.0,56.650000000000006,0.4352012,144.822,0.613657,0.5891273,0.0,22.52037,Laut Jawa,Jawa,2
Gas,NON_PERTAMINA,BOTH,778.7,2000.0,66.2316006569589,0.3293346,325.2355,0.6503171,0.7776215,0.0,87.5733,Laut Jawa,Jawa,2
Gas,NON_PERTAMINA,ONSHORE,118.0,8747.0,151.7,0.1524349,29.37512,0.8967441,0.760285,0.0,18.84172,Papua Barat,Timur,2
Gas,NON_PERTAMINA,ONSHORE,4.0,8300.0,112.80772706129542,0.1618008,59.33775,0.5663427,0.8034328,0.0,12.10605,Papua Barat,Timur,2
Gas,NON_PERTAMINA,ONSHORE,15.2,8500.0,113.81732874428884,0.208427,1843.266,0.7420453,0.7076034,0.0,7.070269,Papua Barat,Timur,2
Gas,NON_PERTAMINA,ONSHORE,93.0,7750.0,109.9503265939446,0.1437241,18.67255,0.4698008,0.8031358,0.0,8.089176,Papua Barat,Timur,2
Gas,NON_PERTAMINA,ONSHORE,7.043,9250.0,117.47624681421226,0.1586345,66.44479,0.7571208,0.8034328,0.0,8.840745,Papua Barat,Timur,2
Gas,NON_PERTAMINA,OFFSHORE,430.7,1748.0,52.8,0.4679498,255.8576,0.4277362,0.6994113,0.0,81.20269,Laut Jawa,Jawa,2
Gas,NON_PERTAMINA,OFFSHORE,89.5,3129.0,71.5,0.4532926,66.5536,0.6208867,0.5970238,0.0,20.76481,Laut Jawa,Jawa,2
Gas,PERTAMINA,BOTH,7135.0,10393.5,126.5,0.1712447,33.20481,0.7802863,0.7798384,0.0,17.2499,Selat Makasar,Kalimantan,2
Gas,PERTAMINA,BOTH,7135.0,10393.5,126.5,0.1712447,33.20481,0.7802863,0.7798384,0.0,17.2499,Selat Makasar,Kalimantan,2
Gas,PERTAMINA,BOTH,4155.0,8200.0,110.55,0.1797476,727.6804,0.5998836,0.7682066,0.0,165.6952,Selat Makasar,Kalimantan,2
Gas,PERTAMINA,BOTH,18882.0,10780.0,81.4,0.2997081,483.3291,0.8025897,0.630865,0.0,27.99518,Selat Makasar,Kalimantan,2
Gas,PERTAMINA,BOTH,18882.0,10780.0,81.4,0.2997081,483.3291,0.8025897,0.630865,0.0,27.99518,Selat Makasar,Kalimantan,2
Gas,NON_PERTAMINA,OFFSHORE,1226.0,6527.0,63.8,0.2446346,340.8867,0.5938145,0.5926647,0.0,87.97173,Selat Makasar,Kalimantan,2
Gas,NON_PERTAMINA,OFFSHORE,510.0,6540.0,66.55000000000001,0.2181219,393.3316,0.6111534,0.708308,0.0,101.1401,Selat Makasar,Kalimantan,2
Gas,NON_PERTAMINA,BOTH,4817.1,12845.0,123.20000000000002,0.1186432,155.9794,0.8418816,0.7198746,0.0,27.98884,Papua Barat,Timur,2
Gas,NON_PERTAMINA,OFFSHORE,112.0,2588.0,65.45,0.2627585,332.6764,0.4499151,0.7579312,0.0,69.68691,Laut Natuna Utara,Sumatera,0
Gas,NON_PERTAMINA,OFFSHORE,87.82,5157.0,80.85000000000001,0.2346229,93.90144,0.7015039,0.5946607,0.0,4.431742,Laut Natuna Utara,Sumatera,2
Gas,NON_PERTAMINA,OFFSHORE,353.0,4900.0,92.61710456781516,0.2142645,267.0808,0.6981891,0.7134582,0.0,78.9695,Laut Natuna Utara,Sumatera,2
Gas,NON_PERTAMINA,OFFSHORE,228.39,7000.0,72.875,0.256789,101.7256,0.3504877,0.7323818,0.0,36.24105,Laut Natuna Utara,Sumatera,2
Gas,NON_PERTAMINA,OFFSHORE,57.5,4921.0,97.9,0.2209758,165.1224,0.4033321,0.8085093,0.0,0.6778655,Laut Natuna Utara,Sumatera,2
Gas,NON_PERTAMINA,OFFSHORE,105.1,4921.0,99.55,0.2290575,123.7731,0.3759578,0.7953225,0.0,0.6075634,Laut Natuna Utara,Sumatera,2
Gas,NON_PERTAMINA,OFFSHORE,167.6,6500.0,96.25,0.1674507,283.0612,0.4339894,0.7875925,0.0,13.54275,Laut Natuna Utara,Sumatera,2
Gas,NON_PERTAMINA,ONSHORE,83.094,9465.0,178.75000000000003,0.1341557,18.67255,0.5578355,0.71337,0.0,15.35547,Aceh,Sumatera,2
Gas,NON_PERTAMINA,ONSHORE,555.004,9498.0,185.9,0.144894,17.18907,0.5559376,0.760285,0.0,25.06092,Aceh,Sumatera,2
Gas,NON_PERTAMINA,ONSHORE,86.611,2396.5,55.825,0.2142408,267.0808,0.413289,0.6710176,0.0,79.61604,Aceh,Sumatera,2
Gas,NON_PERTAMINA,ONSHORE,14112.0,10050.0,171.60000000000002,0.1751823,199.1338,0.7793997,0.779541,0.0,166.0269,Aceh,Sumatera,2
Gas,NON_PERTAMINA,ONSHORE,305.8,8353.0,177.0,0.1338829,18.67255,0.7092644,0.71337,0.0,35.85315,Aceh,Sumatera,2
Gas,NON_PERTAMINA,ONSHORE,696.0,8251.0,112.55805801746428,0.1090867,118.2338,0.2177972,0.7977383,0.0,61.7821,Aceh,Sumatera,2
Gas,PERTAMINA,BOTH,1867.69,4120.0,86.79892867402314,0.238109,59.30872,0.8662552,0.6248093,0.0,16.99816,Selat Malaka,Sumatera,2
Gas,PERTAMINA,OFFSHORE,496.8,3775.0,84.0044226961409,0.3082793,504.9562,0.6793329,0.8475984,0.0,65.69857,Jawa Barat,Jawa,2
Gas,PERTAMINA,OFFSHORE,360.0,3775.0,84.0044226961409,0.2626095,332.6764,0.5920855,0.8382971,0.0,53.45844,Jawa Barat,Jawa,2
Gas,PERTAMINA,OFFSHORE,239.0,3775.0,84.0044226961409,0.2739607,151.1685,0.6236232,0.8365216,0.0,14.39353,Jawa Barat,Jawa,2
Gas,PERTAMINA,OFFSHORE,50.0,2000.0,66.2316006569589,0.2851598,41.20127,0.6628349,0.8397901,0.0,11.01417,Jawa Barat,Jawa,2
Gas,PERTAMINA,OFFSHORE,80.7,2300.0,67.65,0.2097342,153.8532,0.4843733,0.6485325,0.0,21.55477,Jawa Barat,Jawa,2
Gas,NON_PERTAMINA,ONSHORE,496.3,6580.0,103.4189099726196,0.1592146,215.5651,0.4281163,0.8034328,0.0,65.69857,Aceh,Sumatera,2
Gas,PERTAMINA,BOTH,101.6,8250.0,112.55295308197896,0.1809049,53.78799,0.5811311,0.819289,0.0,69.30984,Jawa Barat,Jawa,2
Gas,PERTAMINA,BOTH,14.208,8525.0,113.9424796590983,0.1549618,245.0844,0.7754797,0.8034328,0.0,7.070269,Jawa Barat,Jawa,2
Gas,PERTAMINA,BOTH,229.817,3064.0,77.69428618895824,0.3180478,160.4861,0.725852,0.8494478,0.0,20.56543,Jawa Barat,Jawa,2
Gas,PERTAMINA,BOTH,6.607,2713.0,74.23637201838207,0.1996727,662.887,0.6738354,0.7808007,0.0,3.952839,Jawa Barat,Jawa,2
Gas,PERTAMINA,BOTH,694.0,5315.0,95.477964095724,0.2198754,470.6643,0.7962128,0.739697,0.0,78.57355,Jawa Barat,Jawa,2
Gas,PERTAMINA,BOTH,158.409,4000.0,85.84414419803454,0.1990582,176.2061,0.6622619,0.7808007,0.0,67.94111,Jawa Barat,Jawa,2
Gas,PERTAMINA,BOTH,18.4,9000.0,116.27795192533304,0.1851337,59.8543,0.8547974,0.819289,0.0,91.67237,Jawa Barat,Jawa,2
Gas,PERTAMINA,BOTH,14.517,7750.0,109.9503265939446,0.2729813,879.6625,0.5943628,0.8365216,0.0,9.822957,Jawa Barat,Jawa,2
Gas,PERTAMINA,BOTH,14.517,7750.0,109.9503265939446,0.2729813,879.6625,0.5943628,0.8365216,0.0,9.822957,Jawa Barat,Jawa,2
Gas,PERTAMINA,BOTH,3.745,5000.0,93.31992955040016,0.314806,971.2927,0.6666092,0.8494478,0.0,11.95724,Jawa Barat,Jawa,2
Gas,PERTAMINA,BOTH,3.745,5000.0,93.31992955040016,0.314806,971.2927,0.6666092,0.8494478,0.0,11.95724,Jawa Barat,Jawa,2
Gas,PERTAMINA,BOTH,14.6,5276.0,95.21519866317232,0.2086129,1843.266,0.4940423,0.7076034,0.0,7.329648,Jawa Barat,Jawa,2
Gas,PERTAMINA,BOTH,10.041,8540.0,114.01745999456084,0.1983338,176.2061,0.7225681,0.7808007,0.0,21.23,Jawa Barat,Jawa,2
Gas,PERTAMINA,BOTH,10.041,8540.0,114.01745999456084,0.1983338,176.2061,0.7225681,0.7808007,0.0,21.23,Jawa Barat,Jawa,0
Gas,PERTAMINA,BOTH,96.65,11463.0,127.29438513608048,0.1112552,179.5616,0.7578117,0.7977383,0.0,29.80825,Jawa Barat,Jawa,2
Gas,PERTAMINA,BOTH,347.84,9537.0,118.8271595086172,0.1032785,103.8321,0.5474507,0.7977383,0.0,33.04704,Jawa Barat,Jawa,2
Gas,PERTAMINA,BOTH,84.93,4777.0,91.7402074648776,0.3421748,126.3486,0.7276103,0.7746674,0.0,78.91942,Jawa Barat,Jawa,2
Gas,PERTAMINA,BOTH,99.6,4600.0,90.45317325165622,0.2118038,169.4607,0.6699823,0.7138909,0.0,74.35828,Jawa Barat,Jawa,2
Gas,PERTAMINA,BOTH,2389.772,1800.0,63.67116525905348,0.3505961,1985.562,0.6003748,0.7746674,0.0,759.8911,Jawa Barat,Jawa,2
Gas,PERTAMINA,BOTH,2389.772,1800.0,63.67116525905348,0.3505961,1985.562,0.6003748,0.7746674,0.0,759.8911,Jawa Barat,Jawa,1
Gas,PERTAMINA,BOTH,1.667,2750.0,74.61362166190649,0.2489796,110.9292,0.6143545,0.9252267,0.0,106.3223,Jawa Barat,Jawa,2
Gas,PERTAMINA,ONSHORE,19.016,4593.400000000001,107.8,0.1519421,17.82381,0.6402025,0.7259003,0.0,0.1491615,Sumatera Selatan,Sumatera,2
Gas,PERTAMINA,BOTH,19.016,4593.400000000001,107.8,0.1519421,17.82381,0.6402025,0.7259003,0.0,0.1491615,Jawa Barat,Jawa,2
Gas,PERTAMINA,BOTH,19.016,4593.400000000001,107.8,0.1519421,17.82381,0.6402025,0.7259003,0.0,0.1491615,Jawa Barat,Jawa,2
Gas,PERTAMINA,BOTH,362.0,8000.0,111.26436655609773,0.2231544,93.64886,0.7944723,0.6433482,0.0,53.45926,Jawa Barat,Jawa,2
Gas,PERTAMINA,BOTH,717.566,5000.0,93.31992955040016,0.2440588,752.2764,0.7648236,0.6573509,0.0,81.54186,Jawa Barat,Jawa,2
Gas,PERTAMINA,BOTH,165.309,5000.0,93.31992955040016,0.3218335,160.4861,0.6991754,0.7746534,0.0,10.93154,Jawa Barat,Jawa,2
Gas,PERTAMINA,BOTH,7.674,5000.0,93.31992955040016,0.3255516,325.2355,0.6991754,0.7776215,0.0,16.49232,Jawa Barat,Jawa,2
Gas,PERTAMINA,BOTH,117.853,5000.0,93.31992955040016,0.2783492,302.4089,0.6077819,0.8417832,0.0,18.84172,Jawa Barat,Jawa,2
Gas,PERTAMINA,BOTH,254.947,8225.0,112.42520364068102,0.1539858,22.34077,0.5663427,0.8031358,0.0,20.47908,Jawa Barat,Jawa,0
Gas,PERTAMINA,BOTH,320.489,1831.0,64.07930681560012,0.300145,57.95309,0.7413222,0.8423855,0.0,11.48969,Jawa Barat,Jawa,2
Gas,PERTAMINA,BOTH,5.19,5000.0,93.31992955040016,0.3445868,97.26765,0.6991754,0.7746674,0.0,4.948355,Jawa Barat,Jawa,2
Gas,PERTAMINA,BOTH,298.426,2339.0,55.0,0.2271791,371.9442,0.5468395,0.5808769,0.0,13.94369,Jawa Barat,Jawa,2
Gas,PERTAMINA,BOTH,2.699,7217.85,107.06217082029453,0.169899,64.73755,0.5648977,0.8034328,0.0,2.691344,Jawa Barat,Jawa,2
Gas,PERTAMINA,BOTH,72.9,5049.0,93.66110481335828,0.164822,283.0612,0.5194085,0.8034328,0.0,23.23973,Jawa Barat,Jawa,2
Gas,PERTAMINA,BOTH,97.5,5250.0,95.03934575124684,0.1980421,165.1927,0.5254942,0.7808007,0.0,16.59375,Jawa Barat,Jawa,2
Gas,PERTAMINA,BOTH,64.98,3220.0,79.15156273831063,0.2160373,234.0409,0.7195972,0.7134582,0.0,70.98375,Jawa Barat,Jawa,2
Gas,PERTAMINA,BOTH,45.6,9331.0,102.0,0.126997,250.5103,0.5701074,0.6534203,0.0,56.74895,Jawa Barat,Jawa,2
Gas,PERTAMINA,BOTH,16.388,2103.0,67.48795717561019,0.2677442,192.4472,0.680842,0.7615536,0.0,0.3584978,Jawa Barat,Jawa,2
Gas,PERTAMINA,BOTH,6.564,4295.0,88.16062170957518,0.1952445,117.0372,0.5887851,0.8298026,0.0,7.290943,Jawa Barat,Jawa,2
Gas,PERTAMINA,BOTH,55.031,6775.0,104.5553081972384,0.1772677,75.50176,0.5831528,0.819289,0.0,28.94352,Jawa Barat,Jawa,0
Gas,PERTAMINA,BOTH,1019.125,7100.0,152.9,0.07019517,201.2441,0.2000223,0.7195771,0.0,17.23532,Jawa Barat,Jawa,2
Gas,PERTAMINA,BOTH,1522.0,3730.0,83.62830057501874,0.2602949,176.0073,0.4901671,0.7780957,0.0,98.92418,Jawa Barat,Jawa,2
Gas,PERTAMINA,BOTH,1522.0,3730.0,83.62830057501874,0.2602949,176.0073,0.4901671,0.7780957,0.0,98.92418,Jawa Barat,Jawa,2
Gas,PERTAMINA,BOTH,21.6,5000.0,93.31992955040016,0.3364487,126.3486,0.6991754,0.7746674,0.0,4.427149,Jawa Barat,Jawa,2
Gas,PERTAMINA,BOTH,8.9,5000.0,93.31992955040016,0.2411113,155.1851,0.7603664,0.6368484,0.0,27.24387,Jawa Barat,Jawa,2
Gas,PERTAMINA,BOTH,68.55,2530.0,72.32151673960442,0.2557892,130.2356,0.602866,0.8127732,0.0,32.27964,Jawa Barat,Jawa,2
Gas,PERTAMINA,BOTH,44.78,4436.0,89.23270532377992,0.2406715,294.7949,0.5807516,0.6368484,0.0,20.28212,Jawa Barat,Jawa,2
Gas,NON_PERTAMINA,OFFSHORE,188.0,8471.0,74.25,0.2841325,2360.414,0.7637708,0.7589561,0.0,3.008234,Selat Makasar,Kalimantan,2
Gas,PERTAMINA,ONSHORE,57.051,2684.0,73.93843304148143,0.2372461,159.4986,0.5052715,0.6248093,0.0,27.06796,Riau,Sumatera,1
Gas,NON_PERTAMINA,OFFSHORE,335.0,4080.0,67.65,0.1777963,349.1711,0.7326084,0.8074765,0.0,11.74258,Sulawesi Barat,Timur,2
Gas,NON_PERTAMINA,ONSHORE,488.0,2249.0,51.425,0.2988083,165.2994,0.829565,0.8423855,0.0,67.83291,Sulawesi Selatan,Timur,2
Gas,PERTAMINA,BOTH,4746.0,6000.0,106.15,0.2481335,120.7416,0.8861456,0.9797251,0.0,17.20618,Sulawesi Tengah,Timur,2
Gas,PERTAMINA,BOTH,49.32,2300.0,59.400000000000006,0.173438,478.4951,0.3863795,0.8328982,0.0,15.51847,Kalimantan Utara,Kalimantan,2
Gas,PERTAMINA,OFFSHORE,44.89,6328.0,112.2,0.2214912,471.4288,0.7726343,0.8089677,0.0,72.09515,Laut Jawa,Jawa,0
Gas,PERTAMINA,OFFSHORE,533.3,5500.0,106.7,0.2414393,875.4052,0.7908693,0.7976087,0.0,46.48149,Laut Jawa,Jawa,2
Gas,PERTAMINA,OFFSHORE,187.05,5721.0,90.75,0.2523928,401.9503,0.8085711,0.8692744,0.0,67.49196,Laut Jawa,Jawa,0
Gas,PERTAMINA,OFFSHORE,69.3,7470.0,132.55,0.1773997,328.4494,0.5774862,0.7798384,0.0,23.23973,Laut Jawa,Jawa,0
Gas,NON_PERTAMINA,OFFSHORE,146.0,3330.0,81.95,0.2899069,611.5136,0.2037214,0.700034,0.0,82.31956,Laut Natuna Utara,Sumatera,0
Gas,NON_PERTAMINA,OFFSHORE,215.0,6275.0,119.9,0.1606101,85.91798,0.4554074,0.7619582,0.0,36.33498,Laut Natuna Utara,Sumatera,2
Gas,NON_PERTAMINA,OFFSHORE,327.0,2775.0,70.95,0.2888653,473.4427,0.6546359,0.66878,0.0,11.48969,Laut Natuna Utara,Sumatera,2
Gas,NON_PERTAMINA,OFFSHORE,76.0,3375.0,76.45,0.2902366,2487.279,0.7315714,0.7196859,0.0,52.61821,Laut Natuna Utara,Sumatera,0
Gas,NON_PERTAMINA,OFFSHORE,164.0,3072.0,77.77013340428921,0.2867491,2736.016,0.6402325,0.8456125,0.0,3.806024,Laut Natuna Utara,Sumatera,2
Gas,NON_PERTAMINA,OFFSHORE,86.0,3189.0,85.415,0.316471,971.2927,0.7404888,0.7110814,0.0,37.50466,Laut Natuna Utara,Sumatera,2
Gas,NON_PERTAMINA,OFFSHORE,72.0,2676.0,66.55000000000001,0.2802459,814.5703,0.5716927,0.7616315,0.0,23.23973,Laut Natuna Utara,Sumatera,0
Gas,NON_PERTAMINA,OFFSHORE,1216.0,8005.0,138.05,0.1151141,96.42104,0.1004301,0.7195771,0.0,15.6916,Laut Natuna Utara,Sumatera,2
Gas,NON_PERTAMINA,OFFSHORE,402.0,2345.0,66.55000000000001,0.2557331,130.2356,0.5825598,0.7300498,0.0,29.08677,Laut Natuna Utara,Sumatera,2
Gas,NON_PERTAMINA,OFFSHORE,434.5,9450.0,158.4,0.1189615,104.6788,0.5416336,0.7195771,0.0,28.85748,Laut Natuna Utara,Sumatera,1
Gas,NON_PERTAMINA,OFFSHORE,285.0,3050.0,76.45,0.2958406,59.63661,0.5765535,0.7196859,0.0,35.85315,Laut Natuna Utara,Sumatera,2
Gas,NON_PERTAMINA,ONSHORE,56.95,2006.0,66.30588257126213,0.280129,814.5703,0.6425685,0.8417832,0.0,7.959564,Sumatera Selatan,Sumatera,2
Gas,PERTAMINA,ONSHORE,9.219,3681.0,83.21550163748762,0.1795093,73.82874,0.6954235,0.819289,0.0,11.12088,Jawa Timur,Jawa,2
Gas,NON_PERTAMINA,ONSHORE,62.1,4982.0,56.650000000000006,0.1174511,155.9794,0.7073798,0.7888092,0.0,1.523984,Kalimantan Timur,Kalimantan,2
Gas,PERTAMINA,OFFSHORE,23.3,5000.0,93.31992955040016,0.2293947,306.0262,0.6526403,0.6349601,0.0,12.2159,Laut Jawa,Jawa,2
Gas,PERTAMINA,OFFSHORE,78.55,4650.0,78.10000000000001,0.2590213,53.34375,0.5002042,0.7346778,0.0,2.321265,Laut Jawa,Jawa,2
Gas,PERTAMINA,OFFSHORE,132.451,4865.0,91.3,0.2428782,231.4837,0.6430979,0.6536669,0.0,18.43264,Laut Jawa,Jawa,2
Gas,NON_PERTAMINA,BOTH,750.0,2200.0,50.6,0.4393896,271.8233,0.456063,0.7740649,0.0,87.46507,Laut Jawa,Jawa,2
Gas,PERTAMINA,ONSHORE,44.878,5026.0,93.50122057750905,0.2747588,260.182,0.7385435,0.8365216,0.0,72.71784,Sumatera Selatan,Sumatera,2
Gas,PERTAMINA,BOTH,21.253,6650.0,103.8292426767542,0.1223338,193.0441,0.3150477,0.7977383,0.0,76.03776,Jawa Barat,Jawa,0
Gas,PERTAMINA,BOTH,21.253,6650.0,103.8292426767542,0.1223338,193.0441,0.3150477,0.7977383,0.0,76.03776,Jawa Barat,Jawa,0
Gas,PERTAMINA,BOTH,12.944,5666.0,97.790331692305,0.2209286,165.1224,0.7004768,0.7119928,0.0,13.79243,Jawa Barat,Jawa,0
Gas,PERTAMINA,BOTH,12.944,5666.0,97.790331692305,0.2209286,165.1224,0.7004768,0.7119928,0.0,13.79243,Jawa Barat,Jawa,0
Gas,PERTAMINA,BOTH,106.724,6000.0,99.90886483255828,0.206441,1088.605,0.6878134,0.7165383,0.0,6.458105,Jawa Barat,Jawa,0
Gas,PERTAMINA,BOTH,87.741,6000.0,99.90886483255828,0.2324654,219.943,0.8085084,0.6547354,0.0,5.280921,Jawa Barat,Jawa,2
Gas,PERTAMINA,BOTH,4.105,6755.0,104.439704379512,0.1864818,1148.967,0.5995139,0.819289,0.0,12.09815,Jawa Barat,Jawa,0
Gas,PERTAMINA,BOTH,82.0,5269.0,95.16790709653218,0.1906884,146.6241,0.5159578,0.8277056,0.0,22.65331,Jawa Barat,Jawa,0
Gas,PERTAMINA,BOTH,0.061,5712.0,64.9,0.2118391,169.4607,0.7490153,0.6829144,0.0,8.190641,Jawa Barat,Jawa,0
Gas,PERTAMINA,BOTH,43.598,5512.0,96.78715686927904,0.2476023,237.7603,0.8006387,0.9430282,0.0,66.97774,Jawa Barat,Jawa,0
Gas,PERTAMINA,BOTH,3.91,5000.0,93.31992955040016,0.31687,160.4861,0.6666092,0.8494478,0.0,9.257865,Jawa Barat,Jawa,2
Gas,PERTAMINA,BOTH,2.362,3000.0,77.082998491021,0.2441801,340.8867,0.6520944,0.6573509,0.0,21.67768,Jawa Barat,Jawa,2
Gas,PERTAMINA,BOTH,36.34,9000.0,116.27795192533304,0.1494072,20.94522,0.7963972,0.8031358,0.0,1.174123,Jawa Barat,Jawa,2
Gas,PERTAMINA,BOTH,61.857,6916.0,105.3643183564631,0.2372444,159.4986,0.8196984,0.6248093,0.0,75.1888,Jawa Barat,Jawa,1
Gas,PERTAMINA,BOTH,28.468,4777.0,91.7402074648776,0.3226306,160.4861,0.7279233,0.7746534,0.0,4.355254,Jawa Barat,Jawa,0
Gas,PERTAMINA,BOTH,24.081,5466.0,96.48411134747629,0.1907561,146.6241,0.5332868,0.8277056,0.0,4.844604,Jawa Barat,Jawa,0
Gas,PERTAMINA,BOTH,88.403,7762.0,154.0,0.2870567,86.86247,0.6059051,0.7500017,0.0,61.52549,Jawa Barat,Jawa,1
Gas,PERTAMINA,BOTH,88.403,7762.0,154.0,0.2870567,86.86247,0.6059051,0.7500017,0.0,61.52549,Jawa Barat,Jawa,2
Gas,PERTAMINA,BOTH,1115.0,10807.5,135.3,0.1832515,61.57678,0.7777186,0.7798384,0.0,17.15965,Selat Makasar,Kalimantan,1
Gas,PERTAMINA,BOTH,1115.0,10807.5,135.3,0.1832515,61.57678,0.7777186,0.7798384,0.0,17.15965,Selat Makasar,Kalimantan,2
Gas,PERTAMINA,BOTH,1115.0,10807.5,135.3,0.1832515,61.57678,0.7777186,0.7798384,0.0,17.15965,Selat Makasar,Kalimantan,2
Gas,NON_PERTAMINA,ONSHORE,272.0,5500.0,96.70825457257487,0.2191516,184.5793,0.5135043,0.7392845,0.0,53.27605,Jambi,Sumatera,2
Gas,NON_PERTAMINA,ONSHORE,18.8,4275.0,88.00677819973974,0.2804373,814.5703,0.599272,0.8417832,0.0,14.98789,Sumatera Selatan,Sumatera,2
Gas,NON_PERTAMINA,OFFSHORE,685.996,11170.0,128.70000000000002,0.1141224,179.5616,0.7578117,0.7198746,0.0,68.01707,Teluk Berau,Timur,2
Gas,NON_PERTAMINA,OFFSHORE,2604.391,8735.0,116.05,0.1261581,250.5103,0.7742893,0.7053734,0.0,30.3366,Papua Barat,Timur,2
Gas,NON_PERTAMINA,BOTH,41.566,10315.0,122.36578858979632,0.1706626,43.3609,0.7802863,0.8098195,0.0,78.86079,Selat Makasar,Kalimantan,1
Gas,NON_PERTAMINA,ONSHORE,1965.4,4000.0,85.84414419803454,0.2007177,167.6524,0.6446286,0.7820159,0.0,67.93264,Jawa Timur,Jawa,2
Gas,PERTAMINA,BOTH,1115.0,10807.5,135.3,0.1832515,61.57678,0.7777186,0.7798384,0.0,17.15965,Selat Makasar,Kalimantan,2
Gas,PERTAMINA,BOTH,1115.0,10807.5,135.3,0.1832515,61.57678,0.7777186,0.7798384,0.0,17.15965,Selat Makasar,Kalimantan,1
Gas,PERTAMINA,OFFSHORE,44.054,2523.0,72.24657475124619,0.2618117,595.6729,0.6041095,0.8382971,0.0,72.31319,Selat Makasar,Kalimantan,2
Gas,PERTAMINA,OFFSHORE,201.0,8250.0,112.55295308197896,0.1820882,58.2107,0.6009694,0.819289,0.0,64.21008,Selat Makasar,Kalimantan,2
Gas,PERTAMINA,OFFSHORE,141.018,7100.0,106.40467283715252,0.2234726,93.64886,0.5616331,0.6433482,0.0,32.92207,Selat Makasar,Kalimantan,2
Gas,NON_PERTAMINA,OFFSHORE,1441.0,9000.0,116.27795192533304,0.1909883,146.6241,0.8547627,0.8277056,0.0,67.92367,Selat Makasar,Kalimantan,2
Gas,NON_PERTAMINA,OFFSHORE,70.8,2986.0,70.5,0.301999,57.95309,0.6242964,0.5996111,0.0,1.326933,Laut Jawa,Jawa,2
Gas,NON_PERTAMINA,BOTH,162.805,5000.0,93.31992955040016,0.3218335,160.4861,0.6991754,0.7746534,0.0,26.10462,Laut Jawa,Jawa,2
Gas,NON_PERTAMINA,BOTH,458.0,3077.0,57.75000000000001,0.4335742,206.9262,0.7095627,0.6189399,0.0,29.02141,Laut Jawa,Jawa,2
Gas,PERTAMINA,BOTH,4155.0,8200.0,110.55,0.1797476,727.6804,0.5998836,0.7682066,0.0,165.6952,Selat Makasar,Kalimantan,2
Gas,NON_PERTAMINA,ONSHORE,1550.0,7060.0,155.65,0.05562946,8.822358,0.2834989,1.447611,0.0,15.77178,Sumatera Selatan,Sumatera,2
Gas,NON_PERTAMINA,ONSHORE,1550.0,7060.0,155.65,0.05562946,8.822358,0.2834989,1.447611,0.0,15.77178,Sumatera Selatan,Sumatera,2
Gas,NON_PERTAMINA,ONSHORE,10.0,1929.0,51.425,0.2696132,212.0735,0.8867512,0.7615536,0.0,8.196587,Sulawesi Selatan,Timur,2
Gas,NON_PERTAMINA,ONSHORE,63.0,2424.0,51.425,0.2661308,74.64626,0.804773,0.8193384,0.0,24.58886,Sulawesi Selatan,Timur,2
Gas,NON_PERTAMINA,ONSHORE,139.0,2387.0,51.425,0.3051716,155.3607,0.8754361,0.8423855,0.0,67.89967,Sulawesi Selatan,Timur,2
Gas,NON_PERTAMINA,ONSHORE,2604.391,8735.0,116.05,0.1261581,250.5103,0.7742893,0.7053734,0.0,30.3366,Papua Barat,Timur,2
Gas,PERTAMINA,ONSHORE,16.61,4203.0,87.44918178614968,0.3534551,884.4135,0.6278563,0.7746674,0.0,63.36438,Jawa Tengah,Jawa,1
Gas,NON_PERTAMINA,OFFSHORE,679.87,9780.0,110.55,0.09796181,237.8528,0.7860765,0.6815246,0.0,39.85237,Teluk Berau,Timur,1
Gas,NON_PERTAMINA,OFFSHORE,2604.391,8735.0,116.05,0.1261581,250.5103,0.7742893,0.7053734,0.0,30.3366,Papua Barat,Timur,1
Gas,NON_PERTAMINA,OFFSHORE,589.052,2383.0,63.25000000000001,0.2775488,269.4337,0.4695904,0.7849308,0.0,38.11325,Laut Jawa,Jawa,1
Gas,NON_PERTAMINA,OFFSHORE,893.0,1250.0,55.549934796073416,0.2774937,269.4337,0.6480271,0.8417832,0.0,17.15965,Laut Cina Utara,Sumatera,1
Gas,NON_PERTAMINA,ONSHORE,1504.29,14750.0,139.88843149010285,0.123432,193.0441,0.7500775,0.7917084,0.0,67.99419,Papua Barat,Timur,1
Gas,NON_PERTAMINA,ONSHORE,208.96,14500.0,138.9964578914287,0.2220444,216.8175,0.9214472,0.7147052,0.0,25.41256,Papua Barat,Timur,1
Gas,NON_PERTAMINA,ONSHORE,583.73,14500.0,138.9964578914287,0.2191993,603.5801,0.9021596,0.7392845,0.0,45.36073,Papua Barat,Timur,1
Gas,NON_PERTAMINA,BOTH,167.101,6451.0,102.6555101828248,0.3335728,325.2355,0.7871481,0.7776215,0.0,3.703485,Selat Makasar,Kalimantan,1
Gas,NON_PERTAMINA,BOTH,159.6,3250.0,79.42671121977969,0.2603845,176.0073,0.6546782,0.7780957,0.0,25.039,Laut Jawa,Jawa,1
Gas,NON_PERTAMINA,OFFSHORE,26336.0,12631.23,150.3865,0.2248768,273.6423,0.8972397,0.7946572,0.0,148.4289,Laut Timor,Timur,1
Gas,PERTAMINA,BOTH,101.6,8250.0,112.55295308197896,0.1809049,53.78799,0.5811311,0.819289,0.0,69.30984,Jawa Barat,Jawa,1
Gas,PERTAMINA,BOTH,1.37,5299.0,95.370309344729,0.1976988,165.1927,0.5473865,0.7808007,0.0,13.98494,Jawa Barat,Jawa,1
Gas,PERTAMINA,BOTH,4155.0,10398.0,88.55000000000001,0.1716361,477.505,0.7793997,0.8060088,0.0,151.504,Selat Makasar,Kalimantan,2
Gas,PERTAMINA,BOTH,21.0,6975.0,105.6997769253579,0.230322,297.399,0.798608,0.6547354,0.0,74.94104,Jawa Barat,Jawa,1
Gas,PERTAMINA,BOTH,1895.0,10398.0,88.55000000000001,0.1737006,478.4951,0.7793997,0.8367697,0.0,65.69251,Selat Makasar,Kalimantan,2
Gas,PERTAMINA,BOTH,98.91,6026.0,100.07065123823796,0.2210464,202.968,0.7989899,0.7119928,0.0,7.681509,Jawa Barat,Jawa,1
Gas,PERTAMINA,BOTH,1895.0,10398.0,88.55000000000001,0.1737006,478.4951,0.7793997,0.8367697,0.0,65.69251,Selat Makasar,Kalimantan,2
Gas,PERTAMINA,BOTH,45.6,9331.0,102.0,0.126997,250.5103,0.5701074,0.6534203,0.0,56.74895,Jawa Barat,Jawa,1
Gas,PERTAMINA,BOTH,1895.0,10398.0,88.55000000000001,0.1737006,478.4951,0.7793997,0.8367697,0.0,65.69251,Selat Makasar,Kalimantan,2
Gas,PERTAMINA,BOTH,16.388,2103.0,67.48795717561019,0.2677442,192.4472,0.680842,0.7615536,0.0,0.3584978,Jawa Barat,Jawa,1
Gas,PERTAMINA,BOTH,1895.0,10398.0,88.55000000000001,0.1737006,478.4951,0.7793997,0.8367697,0.0,65.69251,Selat Makasar,Kalimantan,1
Gas,NON_PERTAMINA,ONSHORE,384.37,5000.0,45.0,0.2018375,73.09889,0.5004222,0.7726077,0.0,25.83656,Sumatera Barat,Sumatera,1
Gas,NON_PERTAMINA,ONSHORE,77.32,4100.0,52.8,0.2973302,235.6735,0.4896842,0.7350604,0.0,2.196817,Kalimantan Timur,Kalimantan,1
Gas,NON_PERTAMINA,ONSHORE,2604.391,8735.0,116.05,0.1261581,250.5103,0.7742893,0.7053734,0.0,30.3366,Papua Barat,Timur,1
Gas,NON_PERTAMINA,ONSHORE,36.0,4161.0,87.12115248993803,0.2327154,254.7805,0.5861859,0.6547354,0.0,14.78487,Riau,Sumatera,1
Gas,NON_PERTAMINA,ONSHORE,28.3,1500.0,59.47208654932527,0.3050146,155.3607,0.6798105,0.8423855,0.0,26.95892,Riau,Sumatera,1
Gas,NON_PERTAMINA,ONSHORE,20.31,4275.0,88.00677819973974,0.3336299,325.2355,0.6991754,0.7776215,0.0,21.28564,Jambi,Sumatera,1
Gas,NON_PERTAMINA,ONSHORE,26.9,1356.0,52.25000000000001,0.3836547,537.7126,0.6756448,0.7697566,0.0,9.326689,Riau,Sumatera,1
Gas,NON_PERTAMINA,ONSHORE,13.3,933.0,56.1,0.4171221,98.05269,0.4007422,0.5891273,0.0,1.612921,Riau,Sumatera,1
Gas,NON_PERTAMINA,ONSHORE,22.1,4275.0,88.00677819973974,0.3542828,67.91208,0.6278563,0.7746674,0.0,74.4128,Riau,Sumatera,1
Gas,NON_PERTAMINA,ONSHORE,5.8,4275.0,88.00677819973974,0.3386388,126.3486,0.6991754,0.7746674,0.0,7.587398,Riau,Sumatera,1
Gas,NON_PERTAMINA,OFFSHORE,148.3,2600.0,69.30000000000001,0.3066312,942.7424,0.4839309,0.6064649,0.0,82.31956,Laut Jawa,Jawa,1
Gas,PERTAMINA,OFFSHORE,23.0,3775.0,84.0044226961409,0.3028645,122.0364,0.7033963,0.8423855,0.0,2.514091,Jawa Barat,Jawa,1
Gas,NON_PERTAMINA,ONSHORE,93.99,8250.0,112.55295308197896,0.1577967,122.5359,0.5663427,0.8034328,0.0,14.47782,Aceh,Sumatera,1
Gas,NON_PERTAMINA,ONSHORE,93.99,8250.0,112.55295308197896,0.1577967,122.5359,0.5663427,0.8034328,0.0,14.47782,Aceh,Sumatera,1
Gas,PERTAMINA,BOTH,46.203,4291.0,88.12988892914878,0.2171949,707.4821,0.5501992,0.7134582,0.0,2.427604,Jawa Barat,Jawa,1
Gas,PERTAMINA,BOTH,21.073,6037.0,118.0,0.2219801,244.1175,0.7815733,0.7999661,0.0,16.20861,Jawa Barat,Jawa,1
Gas,PERTAMINA,BOTH,6.92,2825.0,75.36868386832776,0.2556504,56.13301,0.5956129,0.8130814,0.0,1.304866,Jawa Barat,Jawa,1
Gas,NON_PERTAMINA,ONSHORE,3.074,3002.115,51.150000000000006,0.2723931,162.2879,0.2742024,0.8365216,0.0,0.4470183,Kalimantan Timur,Kalimantan,1
Gas,NON_PERTAMINA,OFFSHORE,49.35,7400.0,81.95,0.1777366,137.4438,0.5262812,0.7974546,0.0,21.0785,Kalimantan Timur,Kalimantan,1
Gas,NON_PERTAMINA,ONSHORE,18.6,1353.0,75.9,0.3518044,884.4135,0.7174994,0.6219717,0.0,7.511965,Kalimantan Timur,Kalimantan,1
Gas,NON_PERTAMINA,OFFSHORE,831.0,12000.0,79.2,0.1243581,193.0441,0.5850981,0.7731228,0.0,78.05594,Selat Makasar,Kalimantan,1
Gas,NON_PERTAMINA,OFFSHORE,865.9,10000.0,120.95388620255648,0.1552402,253.5219,0.7754457,0.8034328,0.0,441.7516,Selat Makasar,Kalimantan,1
Gas,NON_PERTAMINA,OFFSHORE,1835.8,11500.0,127.447980597277,0.1134122,179.5616,0.7578117,0.7977383,0.0,5.13577,Selat Makasar,Kalimantan,1
Gas,NON_PERTAMINA,BOTH,1307.957,11030.72,206.811,0.1254657,81.84718,0.4964705,0.71337,0.0,17.07489,Selat Malaka,Sumatera,1
Gas,PERTAMINA,BOTH,7135.0,6383.0,76.45,0.2012669,619.7617,0.6813745,0.7837487,0.0,15.83387,Selat Makasar,Kalimantan,1
Gas,PERTAMINA,BOTH,4155.0,8200.0,110.55,0.1797476,727.6804,0.5998836,0.7682066,0.0,759.7676,Selat Makasar,Kalimantan,1
Gas,PERTAMINA,BOTH,4155.0,8200.0,110.55,0.1797476,727.6804,0.5998836,0.7682066,0.0,759.7676,Selat Makasar,Kalimantan,1
Gas,PERTAMINA,BOTH,18882.0,10780.0,81.4,0.2997081,483.3291,0.8025897,0.630865,0.0,760.0534,Selat Makasar,Kalimantan,1
Gas,NON_PERTAMINA,OFFSHORE,799.0,10000.0,120.95388620255648,0.1552402,253.5219,0.7754457,0.8034328,0.0,69.43042,Selat Makasar,Kalimantan,1
Gas,NON_PERTAMINA,OFFSHORE,679.87,9780.0,110.55,0.09796181,237.8528,0.7860765,0.6815246,0.0,67.95611,Teluk Berau,Timur,0
Gas,NON_PERTAMINA,OFFSHORE,685.996,11170.0,128.70000000000002,0.1141224,179.5616,0.7578117,0.7198746,0.0,75.521,Teluk Berau,Timur,0
Gas,NON_PERTAMINA,OFFSHORE,4817.1,12845.0,123.20000000000002,0.1186432,155.9794,0.8418816,0.7198746,0.0,150.9173,Teluk Berau,Timur,0
Gas,NON_PERTAMINA,OFFSHORE,2604.391,8735.0,116.05,0.1261581,250.5103,0.7742893,0.7053734,0.0,758.9892,Papua Barat,Timur,0
Gas,NON_PERTAMINA,BOTH,9.93,1600.0,53.900000000000006,0.2789758,784.0193,0.4050776,0.7792169,0.0,6.448855,Jawa Timur,Jawa,0
Gas,NON_PERTAMINA,ONSHORE,268.0,5069.0,93.79976450077918,0.1998774,160.0417,0.5343591,0.7808007,0.0,13.04356,Sumatera Selatan,Sumatera,0
Gas,PERTAMINA,ONSHORE,2.248,963.0,71.5,0.3672543,975.0449,0.7495221,0.5826476,0.0,10.24635,Riau,Sumatera,0
Gas,PERTAMINA,ONSHORE,9.795,1297.0,56.1,0.3181729,160.4861,0.7499332,0.5845724,0.0,6.950097,Riau,Sumatera,0
Gas,NON_PERTAMINA,ONSHORE,6.6,4915.0,92.72309695168128,0.1626399,59.33775,0.3287725,0.8034328,0.0,5.250142,Papua Barat,Timur,0
Gas,NON_PERTAMINA,ONSHORE,3.2,7750.0,109.9503265939446,0.3170906,160.4861,0.6666092,0.8494478,0.0,7.897345,Papua Barat,Timur,0
Gas,NON_PERTAMINA,ONSHORE,1.5,3711.0,61.0,0.2187289,184.5793,0.4804949,0.7393008,0.0,2.815532,Papua Barat,Timur,0
Gas,NON_PERTAMINA,ONSHORE,5.3,10984.0,125.27730865025455,0.2225924,93.64886,0.8021432,0.6433482,0.0,10.53491,Papua Barat,Timur,0
Gas,NON_PERTAMINA,ONSHORE,12.3,7750.0,109.9503265939446,0.283646,2360.414,0.605565,0.8397901,0.0,69.79319,Papua Barat,Timur,0
Gas,NON_PERTAMINA,BOTH,4817.1,12845.0,123.20000000000002,0.1186432,155.9794,0.8418816,0.7198746,0.0,150.9173,Papua Barat,Timur,0
Gas,NON_PERTAMINA,OFFSHORE,103.17,1950.0,53.900000000000006,0.3126571,50.73568,0.6212945,0.6575174,0.0,0.6075634,Laut Natuna Utara,Sumatera,0
Gas,NON_PERTAMINA,OFFSHORE,24.29,6450.0,95.15,0.2097733,111.5114,0.5660293,0.8511109,0.0,47.44106,Laut Natuna Utara,Sumatera,0
Gas,NON_PERTAMINA,OFFSHORE,35.45,4950.0,93.5,0.1840482,59.8543,0.3518306,0.8300898,0.0,14.26782,Laut Natuna Utara,Sumatera,0
Gas,NON_PERTAMINA,ONSHORE,5.155,2611.0,73.15,0.205813,413.8912,0.5610174,0.8833504,0.0,5.132287,Sumatera Selatan,Sumatera,0
Gas,PERTAMINA,ONSHORE,8.341,1750.0,63.00349828861172,0.3284459,325.2355,0.7983801,0.7776215,0.0,27.23596,Riau,Sumatera,0
Gas,PERTAMINA,ONSHORE,8.15,5075.0,93.841295627598,0.1803698,53.78799,0.4566779,0.819289,0.0,26.40723,Riau,Sumatera,0
Gas,NON_PERTAMINA,BOTH,202.0,6381.0,102.23725839328416,0.1984945,176.2061,0.7094072,0.7808007,0.0,53.84683,Papua Barat,Timur,0
Gas,NON_PERTAMINA,ONSHORE,1.534,3125.0,78.26952618204945,0.236059,93.90144,0.5494504,0.6248093,0.0,2.801949,Sumatera Selatan,Sumatera,0
Gas,NON_PERTAMINA,ONSHORE,2604.391,8735.0,116.05,0.1261581,250.5103,0.7742893,0.7053734,0.0,758.9892,Papua Barat,Timur,0
Gas,PERTAMINA,ONSHORE,0.8,4100.0,86.64101787563791,0.2448579,193.4393,0.7648236,0.6573509,0.0,12.13922,Kalimantan Timur,Kalimantan,1
Gas,NON_PERTAMINA,ONSHORE,22.0,4275.0,88.00677819973974,0.3470505,819.3248,0.6991754,0.7746674,0.0,5.767662,Sumatera Selatan,Sumatera,0
Gas,NON_PERTAMINA,ONSHORE,95.0,4275.0,88.00677819973974,0.2983034,80.44125,0.6382039,0.8423855,0.0,73.33562,Jambi,Sumatera,1
Gas,PERTAMINA,BOTH,2.754,5000.0,93.31992955040016,0.3426856,97.26765,0.6991754,0.7746674,0.0,27.54025,Jawa Barat,Jawa,1
Gas,NON_PERTAMINA,ONSHORE,273.0,4203.0,87.44918178614968,0.2769079,269.4337,0.6133066,0.8417832,0.0,11.48969,Jawa Timur,Jawa,1
Gas,PERTAMINA,ONSHORE,0.9,4275.0,88.00677819973974,0.252156,736.878,0.7509839,0.9176663,0.0,0.02036417,Riau,Sumatera,1
Gas,PERTAMINA,ONSHORE,2.4,4100.0,86.64101787563791,0.3516172,884.4135,0.6278563,0.7746674,0.0,22.05768,Kalimantan Timur,Kalimantan,1
Gas,PERTAMINA,ONSHORE,1009.93,4275.0,88.00677819973974,0.2883004,3978.549,0.7396817,0.8450114,0.0,759.7094,Jambi,Sumatera,1
Gas,PERTAMINA,ONSHORE,16.0,4275.0,88.00677819973974,0.3188174,160.4861,0.6991754,0.7746534,0.0,7.678071,Jambi,Sumatera,1
Gas,PERTAMINA,ONSHORE,6.8,4275.0,88.00677819973974,0.3450912,97.26765,0.6991754,0.7746674,0.0,151.6146,Jambi,Sumatera,1
Gas,PERTAMINA,ONSHORE,267.67,4275.0,88.00677819973974,0.2769079,269.4337,0.6133066,0.8417832,0.0,3.71748,Jambi,Sumatera,1
Gas,NON_PERTAMINA,OFFSHORE,353.0,4897.0,92.59588173388528,0.2068124,963.394,0.7635206,0.7165383,0.0,3.59171,Laut Natuna Utara,Sumatera,1
Gas,NON_PERTAMINA,OFFSHORE,46.2,4897.0,92.59588173388528,0.2972679,235.6735,0.6878065,0.8423855,0.0,2.427604,Laut Natuna Utara,Sumatera,1
Gas,NON_PERTAMINA,OFFSHORE,27.9,4897.0,92.59588173388528,0.2716702,229.1213,0.6202225,0.861307,0.0,19.76751,Laut Natuna Utara,Sumatera,1
Gas,NON_PERTAMINA,OFFSHORE,112.0,4897.0,92.59588173388528,0.2902235,2487.279,0.6572226,0.8450114,0.0,113.9851,Laut Natuna Utara,Sumatera,1
Gas,NON_PERTAMINA,OFFSHORE,33.0,4897.0,92.59588173388528,0.2898649,2496.631,0.6548854,0.8450114,0.0,66.51328,Laut Natuna Utara,Sumatera,1
Gas,NON_PERTAMINA,OFFSHORE,167.6,4897.0,92.59588173388528,0.330642,325.2355,0.6991754,0.7776215,0.0,3.293105,Laut Natuna Utara,Sumatera,1
Gas,NON_PERTAMINA,ONSHORE,40.0,4275.0,88.00677819973974,0.2806386,814.5703,0.6066188,0.8417832,0.0,5.435128,Sumatera Selatan,Sumatera,1
Gas,PERTAMINA,BOTH,7135.0,8200.0,112.29721097189412,0.3072473,942.7424,0.6183462,0.8440693,0.0,759.7676,Selat Makasar,Kalimantan,1
Gas,PERTAMINA,BOTH,18880.0,8200.0,112.29721097189412,0.3072473,942.7424,0.6183462,0.8440693,0.0,759.7718,Selat Makasar,Kalimantan,1
Gas,PERTAMINA,BOTH,1115.0,8200.0,112.29721097189412,0.2667091,74.64626,0.6290082,0.7615536,0.0,759.7094,Selat Makasar,Kalimantan,1
Gas,PERTAMINA,BOTH,4155.0,8200.0,112.29721097189412,0.2858554,150.2292,0.6094221,0.8456125,0.0,759.7718,Selat Makasar,Kalimantan,1
Gas,PERTAMINA,BOTH,4155.0,8200.0,112.29721097189412,0.2858554,150.2292,0.6094221,0.8456125,0.0,759.7718,Selat Makasar,Kalimantan,1
Gas,NON_PERTAMINA,ONSHORE,57.6,4275.0,88.00677819973974,0.2941055,51.9127,0.6328998,0.8450114,0.0,73.68043,Jambi,Sumatera,1
Gas,NON_PERTAMINA,ONSHORE,83.0,4275.0,88.00677819973974,0.2995948,483.3291,0.7019894,0.8423855,0.0,73.47598,Jambi,Sumatera,1
Gas,NON_PERTAMINA,ONSHORE,67.5,4275.0,88.00677819973974,0.2992618,483.3291,0.7019894,0.8423855,0.0,73.6737,Jambi,Sumatera,1
Gas,PERTAMINA,BOTH,254.947,5000.0,93.31992955040016,0.2647976,167.9317,0.6521525,0.8193384,0.0,14.92271,Jawa Barat,Jawa,1
Gas,PERTAMINA,BOTH,270.3,5000.0,93.31992955040016,0.2769079,269.4337,0.6133066,0.8417832,0.0,36.12812,Jawa Barat,Jawa,1
Gas,PERTAMINA,BOTH,13.96,5000.0,93.31992955040016,0.3418114,126.3486,0.6991754,0.7746674,0.0,10.85436,Jawa Barat,Jawa,1
Gas,PERTAMINA,BOTH,2.362,5000.0,93.31992955040016,0.3516172,884.4135,0.6278563,0.7746674,0.0,25.53961,Jawa Barat,Jawa,1
Gas,PERTAMINA,BOTH,1.667,5000.0,93.31992955040016,0.3436096,97.26765,0.6991754,0.7746674,0.0,116.7749,Jawa Barat,Jawa,1
Gas,PERTAMINA,BOTH,76.88,5000.0,93.31992955040016,0.3033779,114.4529,0.7033963,0.8423855,0.0,17.95878,Jawa Barat,Jawa,1
Gas,PERTAMINA,BOTH,91.3,5000.0,93.31992955040016,0.3081287,504.9562,0.6793329,0.8475984,0.0,63.91319,Jawa Barat,Jawa,1
Gas,PERTAMINA,BOTH,5.19,5000.0,93.31992955040016,0.3445868,97.26765,0.6991754,0.7746674,0.0,7.587398,Jawa Barat,Jawa,1
Gas,PERTAMINA,BOTH,50.66,5000.0,93.31992955040016,0.2907282,2487.279,0.6647971,0.8450114,0.0,21.08641,Jawa Barat,Jawa,1
Gas,PERTAMINA,BOTH,21.6,5000.0,93.31992955040016,0.3364487,126.3486,0.6991754,0.7746674,0.0,15.9873,Jawa Barat,Jawa,1
Gas,PERTAMINA,BOTH,2.91,5000.0,93.31992955040016,0.3005607,57.95309,0.7033963,0.8423855,0.0,5.687189,Jawa Barat,Jawa,1
Gas,PERTAMINA,BOTH,99.6,5000.0,93.31992955040016,0.2943764,51.9127,0.6328998,0.8450114,0.0,12.89786,Jawa Barat,Jawa,1
Gas,PERTAMINA,BOTH,0.5,5000.0,93.31992955040016,0.2500468,105.802,0.8644035,0.9122952,0.0,11.81053,Jawa Barat,Jawa,1
Gas,PERTAMINA,BOTH,72.9,5000.0,93.31992955040016,0.2869316,2736.016,0.6294729,0.8341031,0.0,3.819974,Jawa Barat,Jawa,1
Gas,PERTAMINA,BOTH,28.468,5000.0,93.31992955040016,0.2716702,229.1213,0.6202225,0.861307,0.0,26.95892,Jawa Barat,Jawa,1
Gas,PERTAMINA,BOTH,3.953,5000.0,93.31992955040016,0.31687,160.4861,0.6666092,0.8494478,0.0,4.443206,Jawa Barat,Jawa,1
Gas,PERTAMINA,BOTH,7.69,5000.0,93.31992955040016,0.3255516,325.2355,0.6991754,0.7776215,0.0,10.90576,Jawa Barat,Jawa,1
Gas,PERTAMINA,BOTH,5.055,5000.0,93.31992955040016,0.3551255,67.91208,0.6278563,0.7746674,0.0,2.174739,Jawa Barat,Jawa,2
Gas,PERTAMINA,BOTH,6.892,5000.0,93.31992955040016,0.3450912,97.26765,0.6991754,0.7746674,0.0,15.87891,Jawa Barat,Jawa,1
Gas,PERTAMINA,BOTH,790.68,5000.0,93.31992955040016,0.2883004,3978.549,0.7396817,0.8450114,0.0,86.44019,Jawa Barat,Jawa,1
Gas,PERTAMINA,BOTH,407.5,5000.0,93.31992955040016,0.2626095,332.6764,0.5920855,0.8382971,0.0,25.90192,Jawa Barat,Jawa,1
Gas,PERTAMINA,BOTH,407.5,5000.0,93.31992955040016,0.2626095,332.6764,0.5920855,0.8382971,0.0,25.90192,Jawa Barat,Jawa,1
Gas,PERTAMINA,BOTH,604.93,5000.0,93.31992955040016,0.2430835,231.4837,0.7753121,0.6573509,0.0,8.107224,Jawa Barat,Jawa,1
Gas,PERTAMINA,BOTH,122.31,5000.0,93.31992955040016,0.285763,150.2292,0.6094221,0.8456125,0.0,31.01583,Jawa Barat,Jawa,1
Gas,PERTAMINA,BOTH,70.74,5000.0,93.31992955040016,0.2869316,2736.016,0.6294729,0.8341031,0.0,23.23973,Jawa Barat,Jawa,1
Gas,PERTAMINA,BOTH,30.89,5000.0,93.31992955040016,0.3200471,160.4861,0.6991754,0.7746534,0.0,1.257305,Jawa Barat,Jawa,1
Gas,PERTAMINA,OFFSHORE,201.0,7250.0,107.24037123090896,0.2961526,59.63661,0.6175514,0.8423855,0.0,3.248856,Selat Makasar,Kalimantan,1
Gas,PERTAMINA,OFFSHORE,44.054,7250.0,107.24037123090896,0.2921846,306.6058,0.6647971,0.8450114,0.0,65.63868,Selat Makasar,Kalimantan,1
Gas,NON_PERTAMINA,BOTH,59.28,5000.0,93.31992955040016,0.2941055,51.9127,0.6328998,0.8450114,0.0,23.74595,Laut Jawa,Jawa,1
Gas,NON_PERTAMINA,ONSHORE,21.3,4275.0,88.00677819973974,0.3364487,126.3486,0.6991754,0.7746674,0.0,4.185562,Aceh,Sumatera,1
Gas,NON_PERTAMINA,OFFSHORE,892.455,4897.0,92.59588173388528,0.2883004,3978.549,0.7396817,0.8450114,0.0,462.4981,Laut Natuna Utara,Sumatera,1
Gas,NON_PERTAMINA,OFFSHORE,76.533,4897.0,92.59588173388528,0.3033779,114.4529,0.7033963,0.8423855,0.0,5.299184,Laut Natuna Utara,Sumatera,1
Gas,NON_PERTAMINA,ONSHORE,1540.23,7750.0,109.9503265939446,0.2841658,2360.414,0.605565,0.8397901,0.0,90.88926,Papua Barat,Timur,1
Gas,NON_PERTAMINA,ONSHORE,732.443,7750.0,109.9503265939446,0.2440588,752.2764,0.7648236,0.6573509,0.0,91.05923,Papua Barat,Timur,1
Gas,NON_PERTAMINA,ONSHORE,16.8,4275.0,88.00677819973974,0.3534551,884.4135,0.6278563,0.7746674,0.0,0.3584978,Jambi,Sumatera,1
Gas,NON_PERTAMINA,OFFSHORE,1383.6,9780.0,119.95120802729464,0.2711636,130.9942,0.6202225,0.861307,0.0,63.7515,Teluk Berau,Timur,0
Gas,NON_PERTAMINA,OFFSHORE,1383.6,9780.0,119.95120802729464,0.2711636,130.9942,0.6202225,0.861307,0.0,63.7515,Teluk Berau,Timur,1
Gas,NON_PERTAMINA,OFFSHORE,1383.6,9780.0,119.95120802729464,0.2711636,130.9942,0.6202225,0.861307,0.0,63.7515,Teluk Berau,Timur,0
Gas,NON_PERTAMINA,OFFSHORE,251.0,7250.0,107.24037123090896,0.2647976,167.9317,0.6521525,0.8193384,0.0,14.84054,Selat Makasar,Kalimantan,1
Gas,NON_PERTAMINA,OFFSHORE,352.0,4897.0,92.59588173388528,0.2068124,963.394,0.7635206,0.7165383,0.0,8.962065,Laut Natuna Utara,Sumatera,1
Gas,PERTAMINA,ONSHORE,120.68,4275.0,88.00677819973974,0.2918474,306.6058,0.6647971,0.8450114,0.0,18.84172,Sumatera Selatan,Sumatera,1
Gas,PERTAMINA,ONSHORE,17.464,4275.0,88.00677819973974,0.3508701,1985.562,0.6278563,0.7746674,0.0,62.16483,Sumatera Selatan,Sumatera,1
Gas,PERTAMINA,ONSHORE,29.979,4275.0,88.00677819973974,0.2859615,150.2292,0.6094221,0.8456125,0.0,18.29608,Sumatera Selatan,Sumatera,1
Gas,PERTAMINA,ONSHORE,44.6,4275.0,88.00677819973974,0.2971618,59.63661,0.6132483,0.8423855,0.0,20.28212,Sumatera Selatan,Sumatera,1
Gas,PERTAMINA,BOTH,265.4,8200.0,112.29721097189412,0.2769079,269.4337,0.6133066,0.8417832,0.0,12.82739,Kalimantan Utara,Kalimantan,1
Gas,PERTAMINA,BOTH,11.98,8200.0,112.29721097189412,0.283646,2360.414,0.605565,0.8397901,0.0,12.76383,Kalimantan Utara,Kalimantan,1
Gas,PERTAMINA,BOTH,47.0,8200.0,112.29721097189412,0.2972679,235.6735,0.6878065,0.8423855,0.0,12.84455,Kalimantan Utara,Kalimantan,1
Gas,NON_PERTAMINA,ONSHORE,267.0,4203.0,87.44918178614968,0.2769079,269.4337,0.6133066,0.8417832,0.0,55.61723,Jawa Tengah,Jawa,1
Gas,NON_PERTAMINA,ONSHORE,380.0,4203.0,87.44918178614968,0.2626095,332.6764,0.5920855,0.8382971,0.0,2.894502,Jawa Tengah,Jawa,1
Gas,NON_PERTAMINA,OFFSHORE,162.0,7250.0,107.24037123090896,0.3218335,160.4861,0.6991754,0.7746534,0.0,64.4785,Selat Makasar,Kalimantan,1
Gas,NON_PERTAMINA,OFFSHORE,168.0,7250.0,107.24037123090896,0.330642,325.2355,0.6991754,0.7776215,0.0,8.856602,Selat Makasar,Kalimantan,1
Gas,NON_PERTAMINA,OFFSHORE,648.0,7250.0,107.24037123090896,0.2454521,861.9648,0.7672809,0.651668,0.0,4.174874,Selat Makasar,Kalimantan,1
Gas,NON_PERTAMINA,ONSHORE,175.0,4100.0,86.64101787563791,0.2717024,229.1213,0.6202225,0.861307,0.0,3.008234,Kalimantan Timur,Kalimantan,1
Gas,PERTAMINA,OFFSHORE,106.63,3775.0,84.0044226961409,0.3014258,57.95309,0.7033963,0.8423855,0.0,22.42705,Jawa Barat,Jawa,1
Gas,PERTAMINA,OFFSHORE,106.63,3775.0,84.0044226961409,0.3014258,57.95309,0.7033963,0.8423855,0.0,22.42705,Jawa Barat,Jawa,1
Gas,NON_PERTAMINA,BOTH,162.8,3691.0,83.30002434867919,0.3218335,160.4861,0.6991754,0.7746534,0.0,3.806035,Papua Barat,Timur,1
Gas,NON_PERTAMINA,ONSHORE,51.0,4275.0,88.00677819973974,0.2907282,2487.279,0.6647971,0.8450114,0.0,6.573225,Aceh,Sumatera,1
Gas,NON_PERTAMINA,ONSHORE,6.4,4275.0,88.00677819973974,0.328999,325.2355,0.6991754,0.7776215,0.0,2.453061,Aceh,Sumatera,1
Gas,NON_PERTAMINA,ONSHORE,106.2,4275.0,88.00677819973974,0.3047206,155.3607,0.7178986,0.8423855,0.0,22.42705,Aceh,Sumatera,1
Gas,NON_PERTAMINA,ONSHORE,213.3,4275.0,88.00677819973974,0.3008121,57.95309,0.7033963,0.8423855,0.0,7.804893,Aceh,Sumatera,1
Gas,NON_PERTAMINA,ONSHORE,138.9,7750.0,109.9503265939446,0.3170907,160.4861,0.6666092,0.8494478,0.0,22.71179,Sulawesi Selatan,Timur,1
Gas,NON_PERTAMINA,BOTH,6.32,8200.0,112.29721097189412,0.328999,325.2355,0.6991754,0.7776215,0.0,2.453061,Selat Makasar,Kalimantan,1
Gas,NON_PERTAMINA,BOTH,24.3,8200.0,112.29721097189412,0.3177294,160.4861,0.6666092,0.8494478,0.0,2.489993,Selat Makasar,Kalimantan,1
Oil-Gas,PERTAMINA,BOTH,140169.2,5025.0,93.49425871216737,0.25,331.1723,0.6690598,36.2603,1.37113,1581.978,Jawa Barat,Jawa,1
Oil-Gas,PERTAMINA,OFFSHORE,2658100.0,1200.0,80.0,0.29,2505.0,0.7,42.0,1.39,3377.766,Selat Makasar,Kalimantan,1
Oil-Gas,PERTAMINA,OFFSHORE,2658100.0,1200.0,80.0,0.29,2505.0,0.7,42.0,1.39,3377.766,Selat Makasar,Kalimantan,1
Oil-Gas,PERTAMINA,OFFSHORE,296911.961,2800.0,81.4,0.2296109,61.49697,0.4795722,40.00385,0.9073753,8079.214,Jawa Barat,Jawa,2
Oil-Gas,PERTAMINA,OFFSHORE,430720.496,3775.0,84.0044226961409,0.2426997,43.71141,0.5965544,38.96311,1.080068,2317.886,Jawa Barat,Jawa,1
Oil,NON_PERTAMINA,BOTH,5060.0,11000.0,150.15,0.17,10.5,0.54,42.0,0.7339,66.2754117647059,Papua Barat,Timur,1
Oil-Gas,PERTAMINA,BOTH,40789.0,5000.0,93.31992955040016,0.225,10.0,0.6715834,35.5,4.357081,629.4231,Jawa Barat,Jawa,1
Oil-Gas,PERTAMINA,BOTH,4415.8,4000.0,85.84414419803454,0.16,151.1383,0.6169507,43.17897,0.4722633,391.4879,Jawa Barat,Jawa,1
Oil-Gas,PERTAMINA,BOTH,478000.0,6383.0,76.45,0.2,700.0,0.6784562,42.3,0.5,2682.78366666667,Selat Makasar,Kalimantan,2
Oil,PERTAMINA,OFFSHORE,4000.0,2600.0,70.4,0.2261388,170.0355,0.4705557,32.9323,9.32648,617.4191,Jawa Barat,Jawa,0
Oil-Gas,NON_PERTAMINA,OFFSHORE,314966.0,5889.0,99.2131814434822,0.1759723,1028.432,0.5428936,30.02701,3.079063,12402.6985,Laut Jawa,Jawa,1
Oil,NON_PERTAMINA,BOTH,80012.0,280.0,31.73557430547841,0.2986599,127.5718,0.5699357,22.0,48.88277,1824.033,Maluku,Timur,1
Oil,NON_PERTAMINA,BOTH,80012.0,280.0,31.73557430547841,0.2986599,127.5718,0.5699357,22.0,48.88277,1824.033,Maluku,Timur,1
Oil-Gas,NON_PERTAMINA,ONSHORE,3754.0,8143.0,112.00447175668168,0.2412701,43.71141,0.5379815,38.96311,1.080068,297.5526,Jambi,Sumatera,1
Oil-Gas,PERTAMINA,BOTH,937263.8,8500.0,113.81732874428884,0.2,409.0,0.5390241,39.90387,0.8372809,2526.292625,Kalimantan Timur,Kalimantan,1
Oil-Gas,PERTAMINA,BOTH,25725.62,6398.0,102.33909677547156,0.18,682.5,0.72,27.2,0.64,677.8795,Sulawesi Tengah,Timur,1
Oil-Gas,PERTAMINA,OFFSHORE,475820.91,3775.0,84.0044226961409,0.2426997,43.71141,0.5965544,38.96311,1.080068,2369.974,Jawa Barat,Jawa,1
Oil-Gas,PERTAMINA,OFFSHORE,647160.0,3775.0,84.0044226961409,0.2426997,43.71141,0.5965544,38.96311,1.080068,10194.41,Jawa Barat,Jawa,1
Oil,NON_PERTAMINA,ONSHORE,8767.132,2352.0,70.3739083074743,0.218103,120.1792,0.508276,40.06882,0.8372809,386.9513,Maluku,Timur,1
Oil,PERTAMINA,OFFSHORE,2000.0,2000.0,69.30000000000001,0.2261388,170.0355,0.7249993,33.35217,8.459632,1842.792,Jawa Barat,Jawa,0
Oil,PERTAMINA,OFFSHORE,2000.0,4200.0,86.9,0.2261388,170.0355,0.4576149,37.04761,1.811025,1276.159,Jawa Barat,Jawa,0
Oil,NON_PERTAMINA,OFFSHORE,103000.0,4557.0,90.13584181407997,0.28,153.0479,0.6492208,36.5,1.37113,724.3197,Laut Natuna Utara,Sumatera,1
Oil-Gas,PERTAMINA,OFFSHORE,21600.0,3100.0,95.15,0.2271015,130.2956,0.642992,34.85915,1.392588,798.7231,Jawa Barat,Jawa,0
Oil,PERTAMINA,OFFSHORE,15880.0,2200.0,64.9,0.1902319,122.8276,0.461661,37.7767,2.907155,3213.698,Jawa Barat,Jawa,0
Oil,PERTAMINA,OFFSHORE,24990.0,2500.0,73.7,0.1831368,94.40267,0.5670372,41.6,2.791787,2229.417,Jawa Barat,Jawa,1
Oil-Gas,NON_PERTAMINA,ONSHORE,20014.0,2835.0,75.46840699537245,0.2088005,258.0227,0.5351244,43.0,0.4722633,2663.327,Jambi,Sumatera,1
Oil,PERTAMINA,OFFSHORE,20360.0,2200.0,70.4,0.1992126,300.2898,0.4720599,33.89396,4.381756,3717.371,Jawa Barat,Jawa,1
Oil-Gas,PERTAMINA,BOTH,1705000.0,6818.0,95.15,0.28,29.0,0.77,40.3,0.58,10040.0818571429,Kalimantan Timur,Kalimantan,1
Oil-Gas,PERTAMINA,BOTH,1705000.0,6818.0,95.15,0.28,29.0,0.77,40.3,0.58,10040.0818571429,Kalimantan Timur,Kalimantan,2
Oil,PERTAMINA,OFFSHORE,20000.0,2000.0,73.15,0.2441104,87.17112,0.6846294,31.24067,25.68044,2554.179,Jawa Barat,Jawa,0
Oil-Gas,NON_PERTAMINA,OFFSHORE,15750.0,5577.0,106.15,0.25,331.1723,0.8,45.0,0.531,677.3273,Laut Natuna Utara,Sumatera,2
Oil-Gas,PERTAMINA,BOTH,688238.826,1150.0,41.0,0.16,151.1383,0.3350993,30.0,73.5975232198142,1026.4567,Jawa Barat,Jawa,1
Oil,PERTAMINA,OFFSHORE,4000.0,4500.0,97.9,0.2441104,87.17112,0.757778,35.24053,1.535067,603.8079,Jawa Barat,Jawa,0
Oil,NON_PERTAMINA,OFFSHORE,4000.0,3775.0,84.0044226961409,0.2219121,178.0841,0.6152524,35.50716,4.357081,1221.409,Laut Jawa,Jawa,1
Oil-Gas,NON_PERTAMINA,ONSHORE,5000.0,2000.0,66.2316006569589,0.2051422,966.8926,0.6561769,28.0,0.9112742,2735.15953333333,Jambi,Sumatera,1
Oil,PERTAMINA,BOTH,13213.72,3698.0,83.35910501396036,0.1870623,108.4615,0.502529,37.0,3.423697,899.934,Jambi,Sumatera,1
Oil,PERTAMINA,BOTH,50448.52,2600.0,73.06390054060206,0.2614148,142.8828,0.5171232,29.0,1.790945,597.3279,Jambi,Sumatera,1
Oil-Gas,NON_PERTAMINA,OFFSHORE,4567.0,4897.0,92.59588173388528,0.2235424,178.0841,0.6152524,32.91818,3.311738,5328.947,Laut Natuna Utara,Sumatera,2
Oil,NON_PERTAMINA,ONSHORE,15000.0,4275.0,88.00677819973974,0.2362162,41.74297,0.5990345,39.29029,1.080068,459.076,Sumatera Selatan,Sumatera,1
Oil,PERTAMINA,OFFSHORE,19540.0,7550.0,137.5,0.2591761,152.6247,0.5835176,35.0,1.818922,499.2439,Jawa Barat,Jawa,0
Oil-Gas,PERTAMINA,OFFSHORE,130000.0,5750.0,100.65,0.2153026,880.524,0.5819027,51.99006,1.094205,2600.452,Jawa Barat,Jawa,2
Oil,NON_PERTAMINA,BOTH,34000.0,3609.0,82.60265335371483,0.2,7.0,0.4861445,36.0,1.37113,659.1118,Papua Barat,Timur,1
Oil,PERTAMINA,ONSHORE,9000.0,700.0,44.71523455650567,0.25,250.0,0.6432004,40.0,2.233923,4789.328,Riau,Sumatera,1
Oil,PERTAMINA,ONSHORE,10000.0,700.0,44.71523455650567,0.2389936,282.5351,0.5798655,47.0,0.7092351,247.879190451403,Riau,Sumatera,1
Oil,PERTAMINA,OFFSHORE,3010.0,8608.0,114.35634118129772,0.25,331.1723,0.538991,37.8,1.080068,447.9978,Laut Jawa,Jawa,1
Oil-Gas,PERTAMINA,OFFSHORE,1000.0,4565.0,95.15,0.2405232,43.71141,0.5965544,39.27021,0.7418889,318.6582,Jawa Barat,Jawa,2
Oil,PERTAMINA,BOTH,24236.87,3000.0,85.0,0.2247689,477.4476,0.4954116,20.4,49.2501974983542,166.845333333333,Papua Barat,Timur,1
Oil,PERTAMINA,BOTH,80697.386,898.7199999999999,49.50000000000001,0.1598897,151.1383,0.341627,32.0,4.138909,204.031421052632,Sumatera Selatan,Sumatera,1
Oil-Gas,NON_PERTAMINA,ONSHORE,2530.0,5570.0,122.65,0.2143,127.0,0.7154775,33.0,0.1515118,384.6849,Jambi,Sumatera,1
Oil,PERTAMINA,OFFSHORE,11300.0,2700.0,67.10000000000001,0.221289,385.2213,0.4814608,22.0,13.88836,572.4261,Jawa Barat,Jawa,0
Oil,NON_PERTAMINA,ONSHORE,60900.0,3409.0,80.85909020247098,0.28,153.0479,0.5414734,30.30029,3.079063,800.705374919929,Jambi,Sumatera,1
Oil,PERTAMINA,ONSHORE,1390.1,4406.0,89.00640823130131,0.2734581,81.81205,0.6615921,36.0,1.37113,745.1542,Riau,Sumatera,1
Oil,PERTAMINA,OFFSHORE,10430.0,3000.0,67.10000000000001,0.2148394,156.7324,0.5462924,32.0,28.40425,1255.587,Jawa Barat,Jawa,0
Oil,PERTAMINA,OFFSHORE,17300.0,4402.0,85.25,0.2271015,130.2956,0.5122389,41.0,1.815469,1386.612,Jawa Barat,Jawa,1
Oil,PERTAMINA,OFFSHORE,3100.0,3177.0,48.400000000000006,0.2131455,315.2569,0.5641653,41.92163,1.717823,553.0828,Jawa Barat,Jawa,0
Oil,NON_PERTAMINA,BOTH,17700.0,1500.0,59.47208654932527,0.2,581.0,0.3919441,31.0,3.058595,1095.937,Selat Malaka,Sumatera,1
Oil-Gas,PERTAMINA,OFFSHORE,5140.0,8700.0,114.81217147850204,0.2481917,93.30012,0.538991,37.0,3.423697,437.3031,Laut Jawa,Jawa,1
Oil,PERTAMINA,OFFSHORE,2000.0,5700.0,106.7,0.2287822,427.4641,0.5647416,32.0,0.5195946,420.1262,Jawa Barat,Jawa,0
Oil,NON_PERTAMINA,ONSHORE,6707.217,7225.0,107.10184458886542,0.11,20.99108,0.4592867,33.0,3.311738,743.7886,Maluku,Timur,1
Oil-Gas,NON_PERTAMINA,ONSHORE,13059.0,4882.0,92.48964533301438,0.1316632,31.91415,0.3519496,30.23467,3.079063,985.7275,Jambi,Sumatera,1
Oil-Gas,PERTAMINA,BOTH,144000.0,3995.0,85.80397488386213,0.2597792,96.40454,0.5535784,34.91991,12.19271,2957.507,Selat Malaka,Sumatera,1
Oil,PERTAMINA,BOTH,157000.0,3995.0,85.80397488386213,0.2610163,142.8828,0.5509793,33.73988,5.585164,3699.33014285714,Selat Malaka,Sumatera,1
Oil,PERTAMINA,BOTH,19000.0,3995.0,85.80397488386213,0.2351832,41.74297,0.5990345,41.03616,1.454902,678.8765,Selat Malaka,Sumatera,1
Oil-Gas,PERTAMINA,BOTH,106000.0,3995.0,85.80397488386213,0.2603649,3507.225,0.5535784,34.91991,12.19271,3680.052,Selat Malaka,Sumatera,1
Oil-Gas,PERTAMINA,BOTH,127000.0,3995.0,85.80397488386213,0.2597792,96.40454,0.5535784,34.91991,12.19271,2670.439,Selat Malaka,Sumatera,1
Oil-Gas,NON_PERTAMINA,ONSHORE,68900.0,4275.0,88.00677819973974,0.2415353,43.71141,0.5965544,38.96311,1.080068,863.4686,Riau,Sumatera,1
Oil-Gas,PERTAMINA,OFFSHORE,14930.0,1611.0,60.0,0.2696761,150.0,0.690457,19.0,16.3135,2146.304,Laut Jawa,Jawa,1
Oil-Gas,PERTAMINA,OFFSHORE,15000.0,3775.0,84.0044226961409,0.2748728,998.1768,0.7056853,32.4356,18.84836,24142.61,Jawa Barat,Jawa,0
Oil-Gas,PERTAMINA,OFFSHORE,14560.0,3775.0,84.0044226961409,0.1801687,324.5857,0.5931722,35.83414,2.739783,5277.831,Jawa Barat,Jawa,0
Oil,NON_PERTAMINA,OFFSHORE,7000.0,4897.0,92.59588173388528,0.2471005,161.367,0.6112787,36.2603,1.37113,343.4859,Laut Natuna Utara,Sumatera,1
Oil-Gas,NON_PERTAMINA,OFFSHORE,15400.0,9000.0,116.27795192533304,0.14,153.0679,0.5530544,34.49998,5.619514,8333.75076190476,Kalimantan Utara,Kalimantan,1
Oil,NON_PERTAMINA,ONSHORE,33570.0,2427.0,70.95,0.1685,300.0,0.511666666666667,34.0,1.168,531.169111057994,Jambi,Sumatera,1
Oil-Gas,NON_PERTAMINA,ONSHORE,10949.0,7028.0,105.9996102830888,0.1657822,170.6408,0.5927559,38.76974,1.080068,558.8614,Jambi,Sumatera,1
Oil-Gas,NON_PERTAMINA,ONSHORE,10949.0,7028.0,105.9996102830888,0.1657822,170.6408,0.5927559,38.76974,1.080068,558.8614,Jambi,Sumatera,1
Oil,NON_PERTAMINA,ONSHORE,12299.0,4593.43,111.1,0.18,1549.0,0.7,30.0,2.178,567.8748,Sumatera Selatan,Sumatera,1
Oil-Gas,NON_PERTAMINA,OFFSHORE,218000.0,3775.0,84.0044226961409,0.2318344,41.74297,0.5990345,37.41993,1.195699,3327.541,Laut Jawa,Jawa,1
Oil-Gas,NON_PERTAMINA,OFFSHORE,218000.0,3775.0,84.0044226961409,0.2318344,41.74297,0.5990345,37.41993,1.195699,3327.541,Laut Jawa,Jawa,1
Oil,PERTAMINA,OFFSHORE,23400.0,7900.0,125.4,0.2125376,189.0297,0.6290685,39.91141,1.283885,1243.159,Jawa Barat,Jawa,0
Oil-Gas,PERTAMINA,BOTH,8400.0,2994.0,73.15,0.2078447,26.37292,0.5231823,44.0,0.767,39.4407142857143,Kalimantan Timur,Kalimantan,1
Oil-Gas,PERTAMINA,BOTH,25221.0,3202.0,78.98570291811708,0.175,3500.0,0.4803887,38.03608,1.080068,401.3271,Sumatera Utara,Sumatera,0
Oil,PERTAMINA,BOTH,17265.42,2700.0,80.0,0.2402499,50.0,0.515879,35.0,2.97447447447447,54.5278333333333,Papua Barat,Timur,1
Oil,NON_PERTAMINA,OFFSHORE,108550.0,1000.0,51.099873690432936,0.1792323,885.8581,0.333447,25.0,0.7560019,611.2371,Jawa Timur,Jawa,1
Oil,PERTAMINA,BOTH,83684.0,7408.0,108.10902011664594,0.3,127.5718,0.49962,36.0,1.37113,780.0321,Sumatera Selatan,Sumatera,1
Oil-Gas,PERTAMINA,BOTH,26300.0,2000.0,66.2316006569589,0.21,258.0227,0.6544705,38.0,1.080068,677.8795,Kalimantan Utara,Kalimantan,1
Oil,PERTAMINA,BOTH,5100.0,4000.0,85.84414419803454,0.2,150.0,0.5147462,45.0,0.4554065,2283.1045,Jambi,Sumatera,1
Oil,PERTAMINA,BOTH,5100.0,4000.0,85.84414419803454,0.2,150.0,0.5147462,45.0,0.4554065,2283.1045,Jambi,Sumatera,1
Oil-Gas,NON_PERTAMINA,ONSHORE,6912.0,4250.0,87.81383908777015,0.2414819,43.71141,0.5571161,38.96311,1.080068,581.5034,Jambi,Sumatera,1
Oil-Gas,PERTAMINA,ONSHORE,1940.0,6804.0,104.72255501108624,0.1,20.99108,0.5600164,34.2521,5.619514,515.103,Jawa Timur,Jawa,1
Oil-Gas,NON_PERTAMINA,OFFSHORE,28000.0,7352.0,107.80248302989185,0.2572486,80.4604,0.5000634,61.0,0.8215249,1565.55728571429,Laut Natuna Utara,Sumatera,1
Oil,PERTAMINA,OFFSHORE,112000.0,3775.0,84.0044226961409,0.175436,925.7131,0.5931722,47.86693,0.7092351,3474.903,Jawa Barat,Jawa,1
Oil-Gas,NON_PERTAMINA,OFFSHORE,1200.0,8054.0,111.54481224666948,0.25,258.4608,0.5292111,34.11134,4.737649,1697.322,Kalimantan Utara,Kalimantan,1
Oil-Gas,NON_PERTAMINA,OFFSHORE,15000.0,7250.0,107.24037123090896,0.2307951,427.4641,0.4205622,34.71853,2.328129,3514.037,Kalimantan Utara,Kalimantan,1
Oil,PERTAMINA,ONSHORE,4230.769,4203.0,87.44918178614968,0.2219121,178.0841,0.6152524,35.50716,4.357081,1221.409,Jawa Tengah,Jawa,1
Oil-Gas,PERTAMINA,ONSHORE,11141.623,646.0,53.900000000000006,0.29,51.94,0.46,25.67635,30.0,724.5336,Riau,Sumatera,0
Oil,PERTAMINA,OFFSHORE,7000.0,3700.0,92.4,0.1964922,250.3656,0.4861445,46.73945,2.88501,597.4622,Jawa Barat,Jawa,0
Oil-Gas,PERTAMINA,OFFSHORE,250000.0,2600.0,68.2,0.2609731,142.8828,0.5171232,35.71397,5.500646,4708.277,Jawa Barat,Jawa,1
Oil,PERTAMINA,OFFSHORE,76000.0,3775.0,84.0044226961409,0.175436,925.7131,0.5931722,47.86693,0.7092351,3474.903,Jawa Barat,Jawa,1
Oil,PERTAMINA,OFFSHORE,40000.0,3775.0,84.0044226961409,0.2009141,203.6181,0.5856749,35.98963,2.312841,8283.356,Jawa Barat,Jawa,1
Oil-Gas,PERTAMINA,BOTH,12821.04,3379.0,83.0,0.185,3.9,0.47,51.5,1.02838797814208,371.5606,Sumatera Utara,Sumatera,0
Oil-Gas,NON_PERTAMINA,ONSHORE,1775.0,1705.0,52.8,0.3,55.0,0.6641305,21.3,4.0,419.152,Sumatera Selatan,Sumatera,0
Oil-Gas,PERTAMINA,BOTH,23447.0,3618.0,82.0,0.2,250.3656,0.4861445,37.5,0.946124260355029,420.1262,Sumatera Selatan,Sumatera,1
Oil-Gas,NON_PERTAMINA,ONSHORE,4004.0,6986.4,155.10000000000002,0.2,250.3656,0.5684668,36.26827,3.25487,728.5858,Jambi,Sumatera,1
Oil-Gas,PERTAMINA,BOTH,20350.0,3094.0,77.97807798009576,0.15,153.0679,0.4849866,28.50371,1.777809,593.0383,Jawa Barat,Jawa,0
Oil-Gas,PERTAMINA,ONSHORE,20297.779,4385.0,125.4,0.22499,638.64,0.65,35.0,2.1,1669.404,Riau,Sumatera,2
Oil-Gas,NON_PERTAMINA,ONSHORE,2379.0,1036.8,51.79560274858865,0.21,258.0227,0.4816774,47.0,25.87774,84.33315,Sumatera Selatan,Sumatera,0
Oil-Gas,PERTAMINA,OFFSHORE,6099.0,2300.0,79.75,0.25,184.0,0.5028,24.0,787.0,1813.131,Laut Jawa,Jawa,1
Oil-Gas,PERTAMINA,OFFSHORE,7000.0,2900.0,82.5,0.28,912.8066,0.6627368,43.6,0.480899,4752.135,Jawa Barat,Jawa,1
Oil-Gas,NON_PERTAMINA,ONSHORE,431.0,4084.8,75.97158250000001,0.25,75.3520447530864,0.6211935,20.0,0.9805261,252.3237,Kalimantan Timur,Kalimantan,1
Oil-Gas,NON_PERTAMINA,ONSHORE,7936.0,7462.5,154.55,0.2590962,619.0,0.5000634,32.0,1.137333,1116.461,Sumatera Selatan,Sumatera,2
Oil,NON_PERTAMINA,ONSHORE,9250.0,4481.0,79.0,0.256,80.4604,0.5677982,19.4,16.9724983432737,1073.134,Papua Barat,Timur,0
Oil,NON_PERTAMINA,ONSHORE,2690.125,11900.0,96.7,0.306,10.0,0.5674062,31.0,0.996842,242.1503,Sumatera Selatan,Sumatera,0
Oil-Gas,NON_PERTAMINA,ONSHORE,7835.0,1826.5,64.9,0.25,331.1723,0.6118748,49.0,0.3,713.2755,Sumatera Selatan,Sumatera,0
Oil,PERTAMINA,OFFSHORE,1500.0,7900.0,125.4,0.2372709,111.265,0.5822718,38.0,8.383517,214.3309,Jawa Barat,Jawa,0
Oil-Gas,PERTAMINA,OFFSHORE,5250.0,5200.0,81.125,0.2106516,1280.953,0.6669507,37.0,1878.954,2226.40283311069,Jawa Barat,Jawa,0
Oil-Gas,NON_PERTAMINA,OFFSHORE,7581.0,4897.0,97.35,0.2352835,41.74297,0.5990345,38.98604,0.73,215.0847,Laut Natuna Utara,Sumatera,0
Oil-Gas,NON_PERTAMINA,OFFSHORE,11741.43,3799.0,99.0,0.25,105.0,0.65,35.91113,0.9653651,713.2598,Laut Natuna Utara,Sumatera,2
Oil-Gas,PERTAMINA,BOTH,39119.108,3860.0,90.42000000000002,0.2599979,69.0,0.599988,42.67698,0.313,852.5627,Sumatera Utara,Sumatera,1
Oil,PERTAMINA,BOTH,2680.593,4690.0,110.0,0.2,300.0,0.75,32.7,1.215208,511.7638,Sumatera Selatan,Sumatera,0
Oil-Gas,NON_PERTAMINA,BOTH,7600.0,6800.0,150.15,0.15,2.0,0.595,42.6,0.21,247.7265,Selat Malaka,Sumatera,0
Oil-Gas,PERTAMINA,BOTH,26568.864,5682.0,97.8935744972735,0.22203,178.0841,0.5738995,35.50716,4.357081,4006.509,Jawa Barat,Jawa,1
Oil-Gas,PERTAMINA,BOTH,236.135,5910.0,103.33,0.207,2.3,0.5419903,37.4802,0.9563396,289.8113,Jawa Barat,Jawa,1
Oil-Gas,PERTAMINA,BOTH,29110.0,7484.0,108.52272408500866,0.257611,51.9953,0.5000634,52.16752,0.862469,1241.071,Jawa Barat,Jawa,1
Oil-Gas,PERTAMINA,BOTH,13864.622,3287.0,79.76388081813252,0.15,153.0679,0.4849866,28.50371,1.777809,241.6174,Jawa Barat,Jawa,1
Oil-Gas,NON_PERTAMINA,OFFSHORE,14904.0,6500.0,135.85000000000002,0.125,31.91415,0.505,45.0,0.2730272,640.8973,Laut Natuna,Sumatera,0
Oil-Gas,PERTAMINA,BOTH,15199.0,5710.0,98.07381251077724,0.2223575,4.59,0.5342339,35.50716,4.357081,878.0093,Jawa Barat,Jawa,0
Oil-Gas,PERTAMINA,BOTH,934.59,5682.0,113.0,0.26,3507.225,0.4477911,35.0,5.430799,380.1538,Sumatera Selatan,Sumatera,1
Oil-Gas,PERTAMINA,BOTH,37730.153,1280.0,56.04511921255143,0.25,119.0,0.61,20.0,48.88277,416.5481,Kalimantan Timur,Kalimantan,1
Oil,PERTAMINA,BOTH,22441.0,3585.0,82.39667188752348,0.22,120.1792,0.4585502,39.0,1.080068,386.9513,Kalimantan Tengah,Kalimantan,0
Oil,PERTAMINA,BOTH,22441.0,3585.0,82.39667188752348,0.22,120.1792,0.4585502,39.0,1.080068,386.9513,Kalimantan Tengah,Kalimantan,0
Oil,PERTAMINA,BOTH,4808.104,2457.0,71.53349364464427,0.15,153.0679,0.5105067,28.50371,1.777809,566.4443,Jawa Barat,Jawa,0
Oil-Gas,PERTAMINA,BOTH,6294.347,5000.0,93.31992955040016,0.2137004,132.668,0.5616264,38.17812,1.080068,558.8614,Jawa Barat,Jawa,1
Oil-Gas,PERTAMINA,BOTH,67.56,11250.0,126.40408246023746,0.1796459,885.8581,0.5684604,34.00308,5.585164,305.9575,Jawa Barat,Jawa,0
Oil-Gas,PERTAMINA,BOTH,67.56,11250.0,126.40408246023746,0.1796459,885.8581,0.5684604,34.00308,5.585164,305.9575,Jawa Barat,Jawa,0
Oil,PERTAMINA,BOTH,13213.72,3698.0,83.35910501396036,0.1870623,108.4615,0.502529,37.0,3.423697,899.934,Jambi,Sumatera,1
Oil-Gas,PERTAMINA,OFFSHORE,91300.0,2400.0,70.9079407749266,0.28,153.0479,0.45,29.0,1.92,3882.433,Selat Makasar,Kalimantan,1
Oil-Gas,NON_PERTAMINA,ONSHORE,1580.0,4987.120000000001,80.85517825,0.22,69.2016015625,0.7221751,40.7,1880.0,3.80355,Kalimantan Timur,Kalimantan,1
Oil-Gas,PERTAMINA,BOTH,53436.29,4300.0,107.0,0.235,41.74297,0.47,47.8,26.19879,1753.737,Sumatera Utara,Sumatera,1
Oil-Gas,PERTAMINA,ONSHORE,2660.311,3960.0,119.9,0.27,81.81205,0.7,42.0,0.8,241.6174,Selat Malaka,Sumatera,0
Oil,PERTAMINA,BOTH,44000.0,1600.0,60.92583979279537,0.2,40.0,0.526529,30.0,5.260434,4623.527,Kalimantan Selatan,Kalimantan,0
Oil-Gas,PERTAMINA,BOTH,30132.467,1575.0,70.95,0.25,65.0,0.6201113,48.0,1.745,1169.099,Jambi,Sumatera,1
Oil-Gas,PERTAMINA,ONSHORE,15859.291,3074.0,106.0,0.2,250.3656,0.4666123,36.5,1.131771,355.3859,Riau,Sumatera,0
Oil-Gas,NON_PERTAMINA,BOTH,1900.0,5027.0,132.55,0.211,1332.0,0.685,34.7,2.67,152.4683,Selat Malaka,Sumatera,1
Oil-Gas,NON_PERTAMINA,BOTH,803.0,4632.0,128.15,0.21,370.0,0.36,39.58652,2.36,2585.843,Selat Malaka,Sumatera,1
Oil-Gas,NON_PERTAMINA,BOTH,680.0,4481.0,89.57036225279218,0.2,250.3656,0.65,39.90387,0.8372809,132.3809,Selat Malaka,Sumatera,1
Oil-Gas,NON_PERTAMINA,BOTH,4567.0,4922.0,137.5,0.19,233.0,0.75,45.0,0.289,332.3238,Selat Malaka,Sumatera,0
Oil-Gas,NON_PERTAMINA,BOTH,4927.0,4791.0,130.9,0.11,10.0,0.35,37.0,14.0,403.7873,Selat Malaka,Sumatera,0
Oil-Gas,PERTAMINA,OFFSHORE,80000.0,2600.0,71.5,0.28,912.8066,0.4540755,35.0,6.703657,669.4396,Jawa Barat,Jawa,0
Oil-Gas,PERTAMINA,BOTH,195309.441,5974.0,99.74663909728086,0.15,153.0679,0.354816,39.5,1.080068,774.410333333333,Jawa Barat,Jawa,0
Oil-Gas,PERTAMINA,BOTH,11710.0,5000.0,93.31992955040016,0.2028652,44.18947,0.620842,39.95,0.8372809,137.7643,Jawa Barat,Jawa,0
Oil,PERTAMINA,BOTH,11680.32,2765.0,74.76565568943488,0.27,40.0,0.4875993,30.3,2.94,452.6266,Kalimantan Selatan,Kalimantan,1
Oil-Gas,NON_PERTAMINA,ONSHORE,2103.0,3018.0,77.25574137607208,0.175,3390.549,0.4843458,39.0,1.080068,29.5418333333333,Sumatera Selatan,Sumatera,0
Oil-Gas,PERTAMINA,OFFSHORE,3080.0,2700.0,64.9,0.2114987,1280.953,0.5419427,32.0,2.08197,660.2509,Jawa Barat,Jawa,0
Oil-Gas,NON_PERTAMINA,ONSHORE,354.399,5310.0,122.65,0.17,34.17506,0.5004342,41.42267,0.6162698,298.7082,Sumatera Selatan,Sumatera,0
Oil,PERTAMINA,ONSHORE,814.37,4950.0,92.96962775665692,0.15,153.0679,0.65,36.0,1.37113,796.743,Riau,Sumatera,0
Oil-Gas,NON_PERTAMINA,BOTH,400.0,3689.0,111.65,0.2,50.0,0.5,40.0,1.28,303.9126,Selat Malaka,Sumatera,1
Oil,PERTAMINA,ONSHORE,1253.07,6000.0,99.90886483255828,0.25,331.1723,0.6142688,35.0,12.19271,84.33315,Riau,Sumatera,0
Oil,PERTAMINA,OFFSHORE,87781.683,4600.0,94.05,0.2277654,61.49697,0.4854767,33.73826,3.979687,1645.007,Jawa Barat,Jawa,0
Oil-Gas,PERTAMINA,OFFSHORE,2616.3,8124.0,147.4,0.1688481,171.5369,0.5611404,30.0,1.253535,500.555,Jawa Barat,Jawa,1
Oil,PERTAMINA,ONSHORE,4134.0,3000.0,77.082998491021,0.2042084,61.0,0.4216743,30.0,3.079063,452.6266,Riau,Sumatera,0
Oil-Gas,PERTAMINA,OFFSHORE,9400.0,6772.0,51.7,0.2127958,189.0297,0.6115387,27.19512,6.462278,4522.823,Jawa Barat,Jawa,0
Oil-Gas,PERTAMINA,OFFSHORE,13200.0,6499.0,125.4,0.2271015,130.2956,0.3937273,37.0,7.687655,3131.082,Jawa Barat,Jawa,0
Oil-Gas,PERTAMINA,ONSHORE,10611.78,5036.0,93.57079160392364,0.175,3390.549,0.5157088,38.03608,1.080068,432.5431,Riau,Sumatera,0
Oil-Gas,PERTAMINA,OFFSHORE,7200.0,3850.0,64.9,0.2499037,117.2156,0.6987993,33.0,7.340985,458.63,Jawa Barat,Jawa,0
Oil-Gas,NON_PERTAMINA,ONSHORE,5979.492,5450.0,93.5,0.1600481,151.1383,0.9,40.94758,4.04,970.088,Maluku,Timur,1
Oil-Gas,PERTAMINA,OFFSHORE,110000.0,3047.0,70.67500000000001,0.2,90.0,0.5200493,30.0,11.89404,4836.238,Jawa Barat,Jawa,0
Oil-Gas,PERTAMINA,OFFSHORE,28000.0,2750.0,64.9,0.2174054,423.6639,0.5055549,34.96996,3.38225,2377.765,Jawa Barat,Jawa,0
Oil-Gas,PERTAMINA,OFFSHORE,14480.0,6977.0,92.4,0.2295461,427.4641,0.4009561,36.46611,0.7987447,2078.317,Jawa Barat,Jawa,0
Oil-Gas,PERTAMINA,OFFSHORE,8500.0,7024.0,128.70000000000002,0.21538,290.0839,0.6046889,40.10004,0.9183224,588.405,Jawa Barat,Jawa,0
Oil-Gas,PERTAMINA,BOTH,66464.3,2999.0,74.80000000000001,0.25,331.1723,0.4298609,21.03761,2.407572,731.1947,Sumatera Utara,Sumatera,1
Oil-Gas,NON_PERTAMINA,ONSHORE,2114.0,5725.345,111.008282,0.202,26.538003765025,0.4,35.10817,1.08748,2931.55,Kalimantan Timur,Kalimantan,1
Oil-Gas,PERTAMINA,BOTH,14534.0,6772.0,104.53798125178652,0.15335,11.15836,0.5958818,36.0,1.37113,842.3345,Sumatera Selatan,Sumatera,1
Oil,PERTAMINA,ONSHORE,634.906,2690.0,74.00024026663957,0.245,2000.0,0.5230154,36.0,1.37113,84.33315,Riau,Sumatera,0
Oil,PERTAMINA,ONSHORE,3615.944,5686.0,97.91935676380356,0.22019,120.1792,0.5738995,34.0,5.585164,494.1943,Riau,Sumatera,0
Oil,PERTAMINA,ONSHORE,3749.499,5618.0,97.47950424829048,0.2166245,880.524,0.5625355,31.9,3.133095,1185.71,Riau,Sumatera,0
Oil-Gas,NON_PERTAMINA,ONSHORE,69000.0,3500.0,81.66013411152461,0.2278308,61.49697,0.4170034,34.2,5.619514,2922.158,Riau,Sumatera,0
Oil-Gas,PERTAMINA,BOTH,7721.545,4127.0,86.35000000000001,0.2444081,20.0,0.5680645,48.0,26.13112,1073.134,Sumatera Utara,Sumatera,1
Oil-Gas,PERTAMINA,OFFSHORE,40914.0,3500.0,73.7,0.2299237,3.0,0.4170034,42.26433,0.45,839.4825,Laut Jawa,Jawa,0
Oil-Gas,PERTAMINA,OFFSHORE,10.0,5600.0,97.36251558031556,0.22,120.1792,0.71,37.91127,1.080068,796.743,Laut Jawa,Jawa,1
Oil-Gas,PERTAMINA,OFFSHORE,610.0,5600.0,97.36251558031556,0.2301969,547.1985,0.6979111,36.14245,1.37113,850.4411,Laut Jawa,Jawa,1
Oil-Gas,PERTAMINA,OFFSHORE,6070.0,5630.0,88.16500000000002,0.25,160.0,0.433,35.0,0.22,691.0391,Laut Jawa,Jawa,1
Oil-Gas,PERTAMINA,OFFSHORE,9650.0,7100.0,122.65,0.17,52.9,0.5,42.0,0.5414,785.2829,Laut Jawa,Jawa,1
Oil-Gas,NON_PERTAMINA,ONSHORE,4340.0,1178.0,44.55,0.24,41.74297,0.56,42.0,56.4608,1029.572,Jambi,Sumatera,0
Oil-Gas,PERTAMINA,ONSHORE,13847.988,3255.0,79.47241457330924,0.1674441,170.6408,0.4840138,39.0,1.080068,713.2598,Riau,Sumatera,0
Oil-Gas,PERTAMINA,BOTH,321375.0,3064.0,78.65,0.225828,80.0,0.4432055,38.0,1.138,530.093,Sumatera Selatan,Sumatera,1
Oil-Gas,NON_PERTAMINA,ONSHORE,21752.0,1674.0,58.575,0.265,13.5,0.6157901,20.14446,0.414,1312.297,Sumatera Selatan,Sumatera,0
Oil-Gas,NON_PERTAMINA,ONSHORE,530.062,2950.0,77.0,0.27,81.81205,0.48,43.6,0.6073015,458.9129,Sumatera Selatan,Sumatera,0
Oil-Gas,PERTAMINA,OFFSHORE,7073.0,4555.0,98.45,0.24,14.5,0.597,34.0,3.13,403.7873,Laut Jawa,Jawa,1
Oil-Gas,PERTAMINA,OFFSHORE,40347.0,8500.0,113.81732874428884,0.225,61.49697,0.55,35.77424,1.390725,590.8729,Laut Jawa,Jawa,1
Oil-Gas,PERTAMINA,OFFSHORE,186300.0,6982.0,105.73945909020382,0.22,120.1792,0.6,37.91127,1.080068,582.894,Selat Makasar,Kalimantan,1
Oil-Gas,PERTAMINA,OFFSHORE,23368.0,8000.0,129.25,0.2,120.0,0.536,31.0,1.33,558.8614,Laut Jawa,Jawa,1
Oil-Gas,PERTAMINA,BOTH,17814.69,5903.0,112.0,0.21,258.0227,0.55,47.0,27.71011,550.9453,Sumatera Utara,Sumatera,1
Oil-Gas,NON_PERTAMINA,ONSHORE,32941.035,5290.0,118.25,0.18,34.0,0.46,36.9,3.657034,575.5662,Sumatera Selatan,Sumatera,0
Oil-Gas,PERTAMINA,OFFSHORE,56000.0,9750.0,119.81338932834387,0.17,34.17506,0.75,46.0,0.28,398.5427,Selat Makasar,Kalimantan,1
Oil-Gas,PERTAMINA,BOTH,22224.0,1609.3,61.05811552439524,0.2,173.0,0.451263,38.0,1.080068,558.8614,Sumatera Selatan,Sumatera,1
Oil-Gas,PERTAMINA,OFFSHORE,430000.0,1863.0,155.0,0.22,120.1792,0.67,38.0,2.72,2045.638,Selat Makasar,Kalimantan,1
Oil-Gas,PERTAMINA,BOTH,41961.304,3445.0,91.0,0.2,11.1,0.4596092,48.0,28.3788300835655,859.7625,Aceh,Sumatera,0
Oil-Gas,PERTAMINA,BOTH,41961.304,3445.0,91.0,0.2,11.1,0.4596092,48.0,28.3788300835655,859.7625,Aceh,Sumatera,1
Oil-Gas,NON_PERTAMINA,ONSHORE,592.687,1475.0,57.75000000000001,0.39,542.1252,0.6796328,36.0,5.500646,152.4683,Sumatera Selatan,Sumatera,0
Oil-Gas,NON_PERTAMINA,ONSHORE,7392.0,3395.835,64.53447,0.24863,51.6335632728613,0.402424,20.0,0.511966,147.3526,Kalimantan Timur,Kalimantan,1
Oil,NON_PERTAMINA,ONSHORE,6434.0,1232.0,45.650000000000006,0.23,630.0,0.38,40.0,1.321,301.673333333333,Sumatera Selatan,Sumatera,1
Oil-Gas,PERTAMINA,BOTH,410.09,2160.0,68.16672359533491,0.2153143,880.524,0.5602779,52.60834,0.8215249,267.6189,Sumatera Selatan,Sumatera,0
Oil,PERTAMINA,BOTH,974.093,6804.0,104.72255501108624,0.1954222,83.8335,0.6538125,40.92583,1.454902,325.0851,Sumatera Selatan,Sumatera,0
Oil,PERTAMINA,BOTH,325.977,3990.0,85.76377409558164,0.2,30.0,0.5212598,49.0,0.4030244,298.7082,Sumatera Utara,Sumatera,0
Oil,PERTAMINA,BOTH,6819.4,3691.0,83.30002434867919,0.15,153.0679,0.510204,22.5,48.88277,695.5906,Papua Barat,Timur,0
Oil-Gas,PERTAMINA,BOTH,14807.15,3284.0,79.7366314975079,0.1602055,151.1383,0.4850305,43.17897,0.4722633,403.7873,Kalimantan Selatan,Kalimantan,0
Oil,PERTAMINA,BOTH,54900.0,7211.0,107.0241386105323,0.16,6.0,0.5040342,44.3,2.550121,398.5427,Sumatera Utara,Sumatera,0
Oil,PERTAMINA,BOTH,5890.0,1050.0,52.04138694604576,0.1524082,11.15836,0.3350554,21.0,48.88277,713.2598,Jawa Tengah,Jawa,0
Oil,PERTAMINA,BOTH,2476.05,3563.0,82.2070960985979,0.15,153.0679,0.510204,19.0,48.96389,486.3029,Papua Barat,Timur,1
Oil,PERTAMINA,BOTH,3001.28,3488.0,81.55525388859766,0.15,153.0679,0.4862423,14.0,48.96389,952.6937,Papua Barat,Timur,1
Oil,PERTAMINA,BOTH,5371.0,2000.0,66.2316006569589,0.25,331.1723,0.6107759,40.0,0.8372809,460.6815,Sumatera Selatan,Sumatera,1
Oil-Gas,PERTAMINA,BOTH,10288.65,6650.0,103.8292426767542,0.1556981,89.13853,0.651093,35.08707,9.600086,5157.617,Jawa Barat,Jawa,1
Oil,PERTAMINA,BOTH,769.669,5000.0,93.31992955040016,0.2050156,966.8926,0.5224881,30.14118,3.079063,660.2509,Jawa Barat,Jawa,0
Oil-Gas,PERTAMINA,ONSHORE,3089.0,3630.0,82.78218509466016,0.1945693,83.8335,0.4901571,36.1,1.37113,452.6266,Riau,Sumatera,0
Oil,NON_PERTAMINA,ONSHORE,6003.9,4667.0,97.9,0.1586,85.0,0.5011,44.0,0.72,239.0195,Sumatera Utara,Sumatera,1
Oil-Gas,NON_PERTAMINA,ONSHORE,1449.0,2559.1800000000003,55.95099400000001,0.4,553.63321799308,0.68,45.0,3.05382,434.0517,Kalimantan Timur,Kalimantan,1
Oil-Gas,NON_PERTAMINA,ONSHORE,11419.0,3500.0,81.66013411152461,0.18,1000.0,0.4776384,38.7,1.080068,1162.687,Sumatera Selatan,Sumatera,0
Oil-Gas,NON_PERTAMINA,ONSHORE,5962.0,779.0,46.54072488898187,0.1,20.99108,0.32,35.0,12.19271,572.1793,Sumatera Selatan,Sumatera,0
Oil-Gas,PERTAMINA,BOTH,13264.316,3600.0,82.52551104818853,0.29,34.0,0.5483987,51.0,0.313,665.34848,Sumatera Utara,Sumatera,1
Oil-Gas,NON_PERTAMINA,ONSHORE,25465.0,3674.0,108.9,0.2062938,300.0,0.5070427,25.1464,0.6,593.0383,Sumatera Selatan,Sumatera,0
Oil,PERTAMINA,BOTH,325.977,3990.0,85.76377409558164,0.2,30.0,0.5212598,49.0,0.4030244,298.7082,Sumatera Utara,Sumatera,1
Oil-Gas,PERTAMINA,BOTH,11710.0,5000.0,93.31992955040016,0.2028652,44.18947,0.620842,39.95,0.8372809,137.7643,Jawa Barat,Jawa,0
Oil-Gas,PERTAMINA,BOTH,32322.574,6216.0,101.23988542951504,0.16,151.1383,0.3210766,43.17897,0.4722633,6407.762,Jawa Barat,Jawa,1
Oil-Gas,NON_PERTAMINA,BOTH,3800.0,2700.0,55.00000000000001,0.21,258.0227,0.54,41.82927,2.594249,711.97,Jawa Timur,Jawa,1
Oil-Gas,NON_PERTAMINA,ONSHORE,38064.86,4750.0,91.5458318552119,0.2154284,880.524,0.7364528,62.0,0.8215249,1108.261,Jambi,Sumatera,1
Oil-Gas,NON_PERTAMINA,BOTH,3800.0,2700.0,55.00000000000001,0.21,258.0227,0.54,41.82927,2.594249,711.97,Jawa Timur,Jawa,0
Oil-Gas,NON_PERTAMINA,BOTH,13890.0,3995.0,85.80397488386213,0.2336288,41.74297,0.5990345,37.24781,3.468748,937.7806,Selat Malaka,Sumatera,1
Oil,PERTAMINA,BOTH,3892.59,1663.0,61.81269888395873,0.2467209,300.0,0.6201113,34.0,5.585164,952.6937,Jawa Tengah,Jawa,1
Oil,PERTAMINA,BOTH,30036.0,3995.0,85.80397488386213,0.2220273,178.0841,0.6152524,35.50716,4.357081,3472.759,Sumatera Selatan,Sumatera,1
Oil,PERTAMINA,BOTH,65888.0,165.0,26.037681996160725,0.2,250.3656,0.35,52.0,0.862469,701.5112,Sumatera Utara,Sumatera,1
Oil,PERTAMINA,BOTH,798.69,2760.0,68.2,0.2136215,132.668,0.5419427,35.0,6.171901,728.5858,Sumatera Selatan,Sumatera,1
Oil,PERTAMINA,BOTH,49600.0,5750.0,120.0,0.24,41.74297,0.65,38.6,1.401975,431.2484,Laut Natuna Utara,Sumatera,1
Oil-Gas,PERTAMINA,BOTH,24691.8,2552.5,72.56152650559326,0.2750648,153.0479,0.5075185,41.0,1.454902,530.4056,Kalimantan Selatan,Kalimantan,0
Oil-Gas,PERTAMINA,BOTH,6980.46,6000.0,99.90886483255828,0.28,153.0479,0.7,26.0,0.7560019,454.2243,Jambi,Sumatera,1
Oil-Gas,PERTAMINA,BOTH,6980.46,6000.0,99.90886483255828,0.28,153.0479,0.7,26.0,0.7560019,454.2243,Jambi,Sumatera,1
Oil,PERTAMINA,BOTH,20877.72,1837.0,64.15780141108276,0.28,153.0479,0.7,26.0,0.7560019,97.797,Jambi,Sumatera,1
Oil,PERTAMINA,BOTH,2015.0,4741.0,91.48088637627971,0.2,250.3656,0.7247183,25.0,0.7560019,273.4963,Sumatera Selatan,Sumatera,1
Oil,PERTAMINA,BOTH,19402.0,6971.0,105.67709021216469,0.169163,170.0,0.594356,37.0,3.423697,1223.779,Sumatera Selatan,Sumatera,1
Oil,PERTAMINA,BOTH,3620.0,2397.0,70.87476060431717,0.2073779,26.37292,0.5086043,38.0,1.09,643.5852,Jawa Timur,Jawa,1
Oil,PERTAMINA,BOTH,56740.0,328.0,38.5,0.31,14.39765,0.6,57.0,55.12772,3042.319,Sumatera Utara,Sumatera,1
Oil,PERTAMINA,BOTH,99106.69,3100.0,81.4,0.2682745,263.3447,0.3589041,47.6,26.15544,492.8802,Papua Barat,Timur,1
Oil,PERTAMINA,BOTH,19299.0,1532.15,59.945911429322166,0.285,46.05462,0.762,41.08412,1.454902,713.2598,Papua Barat,Timur,1
Oil,NON_PERTAMINA,OFFSHORE,67700.0,4897.0,92.59588173388528,0.12,31.91415,0.3461539,35.0,12.7477477477477,9473.813,Laut Natuna Utara,Sumatera,1
Oil,PERTAMINA,BOTH,120830.0,7500.0,97.35,0.2583672,14.0,0.5,28.6,0.835,2245.709,Sulawesi Tengah (offshore),Timur,1
Oil-Gas,NON_PERTAMINA,ONSHORE,927.952,4249.0,87.80610676820312,0.2128419,132.668,0.5038047,38.51352,1.080068,122.260125,Sumatera Selatan,Sumatera,1
Oil-Gas,NON_PERTAMINA,ONSHORE,12.915,5675.0,97.84842818595308,0.19,25.5,0.7,36.3851,1.37113,402.1258,Sumatera Selatan,Sumatera,1
Oil-Gas,NON_PERTAMINA,ONSHORE,271.831,4500.0,89.71229137495479,0.21,258.0227,0.5374433,42.80003,0.4722633,325.0851,Sumatera Selatan,Sumatera,1
Oil-Gas,PERTAMINA,BOTH,478000.0,6383.0,76.45,0.2,700.0,0.6784562,42.3,0.5,2682.78366666667,Selat Makasar,Kalimantan,1
Oil-Gas,PERTAMINA,BOTH,478000.0,6383.0,76.45,0.2,700.0,0.6784562,42.3,0.5,2682.78366666667,Selat Makasar,Kalimantan,1
Oil-Gas,PERTAMINA,BOTH,1705000.0,6818.0,95.15,0.28,29.0,0.77,40.3,0.58,10040.0818571429,Kalimantan Timur,Kalimantan,1
Oil-Gas,PERTAMINA,BOTH,1705000.0,6818.0,95.15,0.28,29.0,0.77,40.3,0.58,10040.0818571429,Kalimantan Timur,Kalimantan,1
Oil-Gas,NON_PERTAMINA,OFFSHORE,7170.0,8500.0,113.81732874428884,0.25,865.0,0.538991,36.2603,1.37113,2295.5806,Kalimantan Utara,Kalimantan,1
Oil-Gas,NON_PERTAMINA,OFFSHORE,1200.0,6000.0,99.90886483255828,0.25,865.0,0.6142688,36.2603,1.37113,1108.261,Kalimantan Utara,Kalimantan,1
Oil-Gas,PERTAMINA,ONSHORE,19179.336,3093.0,77.96864606405012,0.1727414,32.00124,0.4840138,35.0,12.19271,908.3515,Riau,Sumatera,0
Oil-Gas,PERTAMINA,OFFSHORE,26400.0,3500.0,84.15,0.1595053,310.6589,0.5423002,32.00436,25.96895,6775.383,Jawa Barat,Jawa,1
Oil-Gas,NON_PERTAMINA,BOTH,414.0,2350.0,56.650000000000006,0.2,250.3656,0.35,40.4,2.355655,214.5457,Jawa Timur,Jawa,1
Oil-Gas,NON_PERTAMINA,BOTH,414.0,2350.0,56.650000000000006,0.2,250.3656,0.35,40.4,2.355655,214.5457,Jawa Timur,Jawa,0
Oil,PERTAMINA,ONSHORE,2366.331,5530.0,96.90530901264114,0.2,250.3656,0.6,33.0,3.311738,760.4645,Riau,Sumatera,0
Oil-Gas,PERTAMINA,OFFSHORE,146000.0,670.0,50.0,0.27,81.81205,0.62,22.5,300.0,1434.167,Selat Makasar,Kalimantan,1
Oil-Gas,PERTAMINA,OFFSHORE,146000.0,670.0,50.0,0.27,81.81205,0.62,22.5,300.0,1434.167,Selat Makasar,Kalimantan,1
Oil,NON_PERTAMINA,BOTH,27160.0,5000.0,93.31992955040016,0.2343354,41.74297,0.5990345,41.03616,1.454902,545.7118,Laut Jawa,Jawa,0
Oil,NON_PERTAMINA,BOTH,37850.0,4520.0,111.65,0.2634469,0.03,0.52,35.07914,5.446,564.9622,Laut Jawa,Jawa,0
Oil,NON_PERTAMINA,ONSHORE,268.0,3250.0,79.42671121977969,0.12,31.91415,0.4640238,18.0,48.96389,214.5457,Papua Barat,Timur,0
Oil,NON_PERTAMINA,ONSHORE,318.329,7750.0,109.9503265939446,0.223805,477.4476,0.6152524,32.91818,3.311738,1303.978,Papua Barat,Timur,0
Oil,NON_PERTAMINA,ONSHORE,9341.587,2858.0,66.0,0.16,151.1383,0.5067552,33.0,2.08197,179.8174,Papua Barat,Timur,0
Oil-Gas,PERTAMINA,OFFSHORE,149643.286,5500.0,123.20000000000002,0.2241246,477.4476,0.6516426,31.44874,0.3958032,485.6532,Jawa Barat,Jawa,0
Oil,PERTAMINA,ONSHORE,12827.148,3712.0,83.47705672495452,0.1870623,108.4615,0.502529,36.5,1.37113,1423.566,Riau,Sumatera,0
Oil,PERTAMINA,ONSHORE,2024.14,3557.0,82.15526654077213,0.2287698,61.49697,0.4170034,33.5,5.585164,100.5022,Riau,Sumatera,0
Oil,PERTAMINA,ONSHORE,12222.057,1820.0,63.93498093710341,0.3,127.5718,0.6641305,32.4,3.311738,553.0828,Riau,Sumatera,0
Oil,PERTAMINA,ONSHORE,1203.0,4270.0,87.96824697628513,0.2694454,141.6013,0.6427842,34.4,5.619514,184.1512,Riau,Sumatera,0
Oil,PERTAMINA,ONSHORE,6843.001,5791.0,148.9,0.17,34.17506,0.5019123,41.3,0.6033941,284.0784,Riau,Sumatera,0
Oil,PERTAMINA,ONSHORE,2037.0,2980.0,76.89029951824342,0.26,3700.0,0.4288305,36.0,1.37113,434.0517,Riau,Sumatera,0
Oil,PERTAMINA,ONSHORE,42966.952,4205.0,87.46475095710448,0.2425516,43.71141,0.5680645,38.8,1.080068,356.3022,Riau,Sumatera,0
Oil,PERTAMINA,ONSHORE,1455.595,2460.0,71.56616472327477,0.2949849,1157.768,0.6476398,37.0,3.423697,421.2355,Riau,Sumatera,0
Oil,NON_PERTAMINA,BOTH,753.0,9594.0,97.9,0.16,160.0,0.749486,43.4202,0.02324,255.8218,Papua Barat,Timur,0
Oil,NON_PERTAMINA,BOTH,6196.0,6878.0,70.4,0.13,29.0,0.75,58.0,0.1022,371.5606,Laut Seram,Timur,0
Oil,NON_PERTAMINA,ONSHORE,17420.0,5052.0,93.68192565201971,0.1725253,14.5551,0.5136935,46.0,0.4554065,906.9203,Riau,Sumatera,0
Oil-Gas,PERTAMINA,OFFSHORE,100000.0,5700.0,114.4,0.2168564,880.524,0.5738995,32.13366,0.3595839,2275.696,Jawa Barat,Jawa,0
Oil,PERTAMINA,ONSHORE,10567.0,1342.0,57.04595014783566,0.3,127.5718,0.6,30.0,3.079063,1549.19,Riau,Sumatera,0
Oil,PERTAMINA,ONSHORE,8209.0,1900.0,79.4,0.28,153.0479,0.7,37.6,12.0,492.8802,Riau,Sumatera,0
Oil-Gas,NON_PERTAMINA,ONSHORE,101.582,4500.0,89.71229137495479,0.3,127.5718,0.6532667,32.5712,3.311738,2585.843,Sumatera Selatan,Sumatera,0
Oil-Gas,NON_PERTAMINA,ONSHORE,463.2,7940.0,110.9513673138918,0.2283188,61.49697,0.5487341,35.0,12.19271,728.5858,Sumatera Selatan,Sumatera,0
Oil,PERTAMINA,ONSHORE,654.574,4203.0,87.44918178614968,0.16,151.1383,0.6289503,44.0,0.8660244,273.4963,Jawa Timur,Jawa,0
Oil,PERTAMINA,ONSHORE,814.0,4203.0,87.44918178614968,0.213981,132.668,0.5616264,38.04008,1.080068,241.6174,Jawa Timur,Jawa,0
Oil,PERTAMINA,ONSHORE,880.238,3750.0,83.79581456507049,0.1904746,123.6584,0.3699096,36.0,1.37113,325.0851,Jawa Timur,Jawa,0
Oil-Gas,PERTAMINA,OFFSHORE,940.0,3000.0,83.05000000000001,0.1776921,264.5778,0.582996,34.57871,6.503253,1421.94,Jawa Barat,Jawa,0
Oil-Gas,PERTAMINA,ONSHORE,415832.433,4100.0,86.64101787563791,0.2426997,43.71141,0.5965544,38.96311,1.080068,2369.974,Kalimantan Timur,Kalimantan,0
Oil-Gas,NON_PERTAMINA,OFFSHORE,112451.0,4897.0,92.59588173388528,0.2481451,93.30012,0.6112787,36.2603,1.37113,701.0487,Laut Natuna,Sumatera,1
Oil,NON_PERTAMINA,OFFSHORE,89440.0,4897.0,92.59588173388528,0.2603649,3507.225,0.5535784,34.91991,12.19271,149.6199,Laut Natuna,Sumatera,1
Oil-Gas,PERTAMINA,ONSHORE,415832.433,4100.0,86.64101787563791,0.2426997,43.71141,0.5965544,38.96311,1.080068,2369.974,Kalimantan Timur,Kalimantan,1
Oil-Gas,NON_PERTAMINA,ONSHORE,21752.0,4275.0,88.00677819973974,0.2313042,41.74297,0.5990345,35.50671,4.357081,629.9282,Sumatera Selatan,Sumatera,1
Oil-Gas,NON_PERTAMINA,ONSHORE,58000.0,4275.0,88.00677819973974,0.2478509,161.367,0.6112787,36.2603,1.37113,3848.527,Sumatera Selatan,Sumatera,1
Oil-Gas,NON_PERTAMINA,ONSHORE,210000.0,4275.0,88.00677819973974,0.2318344,41.74297,0.5990345,37.41993,1.195699,615.3004,Sumatera Selatan,Sumatera,1
Oil-Gas,NON_PERTAMINA,ONSHORE,210000.0,4275.0,88.00677819973974,0.2318344,41.74297,0.5990345,37.41993,1.195699,615.3004,Sumatera Selatan,Sumatera,1
Oil-Gas,NON_PERTAMINA,ONSHORE,57000.0,4275.0,88.00677819973974,0.243573,43.71141,0.5965544,38.96311,1.080068,474.8283,Sumatera Selatan,Sumatera,1
Oil-Gas,PERTAMINA,OFFSHORE,1135340.0,3775.0,84.0044226961409,0.2598562,96.40454,0.5535784,34.91991,12.19271,12878.93,Laut Jawa,Jawa,1
Oil-Gas,PERTAMINA,OFFSHORE,1135340.0,3775.0,84.0044226961409,0.2598562,96.40454,0.5535784,34.91991,12.19271,12878.93,Laut Jawa,Jawa,1
Oil-Gas,PERTAMINA,OFFSHORE,1135340.0,3775.0,84.0044226961409,0.2598562,96.40454,0.5535784,34.91991,12.19271,12878.93,Laut Jawa,Jawa,1
Oil-Gas,PERTAMINA,BOTH,261400.874,8200.0,112.29721097189412,0.2318344,41.74297,0.5990345,37.41993,1.195699,8901.827,Kalimantan Timur,Kalimantan,1
Oil-Gas,PERTAMINA,BOTH,261400.874,8200.0,112.29721097189412,0.2318344,41.74297,0.5990345,37.41993,1.195699,8901.827,Kalimantan Timur,Kalimantan,1
Oil-Gas,PERTAMINA,BOTH,183521.321,8200.0,112.29721097189412,0.2644511,20.74816,0.5509793,30.66695,3.058595,4802.619,Kalimantan Timur,Kalimantan,1
Oil-Gas,PERTAMINA,BOTH,183521.321,8200.0,112.29721097189412,0.2644511,20.74816,0.5509793,30.66695,3.058595,4802.619,Kalimantan Timur,Kalimantan,1
Oil-Gas,PERTAMINA,BOTH,1705000.0,8200.0,112.29721097189412,0.2723772,81.81205,0.6498626,35.59429,4.357081,11704.5,Kalimantan Timur,Kalimantan,1
Oil-Gas,NON_PERTAMINA,ONSHORE,10000.0,4275.0,88.00677819973974,0.2305139,547.1985,0.5990345,35.50671,4.357081,6525.13812,Jambi,Sumatera,1
Oil,NON_PERTAMINA,ONSHORE,63000.0,4275.0,88.00677819973974,0.2496686,331.1723,0.6112787,36.2603,1.37113,6525.13812,Jambi,Sumatera,1
Oil-Gas,PERTAMINA,BOTH,70900.0,3995.0,85.80397488386213,0.2539066,80.4604,0.5535784,36.2603,1.37113,949.1145,Jambi,Sumatera,1
Oil-Gas,PERTAMINA,OFFSHORE,6300.0,7250.0,107.24037123090896,0.2137004,132.668,0.5616264,38.17812,1.080068,558.8614,Kalimantan Timur,Kalimantan,1
Oil-Gas,PERTAMINA,OFFSHORE,88856.0,7250.0,107.24037123090896,0.2603649,3507.225,0.5535784,34.91991,12.19271,149.6199,Kalimantan Timur,Kalimantan,1
Oil-Gas,PERTAMINA,OFFSHORE,91300.0,7250.0,107.24037123090896,0.2603649,3507.225,0.5535784,34.91991,12.19271,149.6199,Kalimantan Timur,Kalimantan,1
Oil-Gas,PERTAMINA,OFFSHORE,56000.0,7250.0,107.24037123090896,0.243573,43.71141,0.5965544,38.96311,1.080068,1036.194,Kalimantan Timur,Kalimantan,1
Oil-Gas,PERTAMINA,OFFSHORE,50000.0,7250.0,107.24037123090896,0.2411512,43.71141,0.5965544,38.96311,1.080068,727.5538,Kalimantan Timur,Kalimantan,1
Oil-Gas,PERTAMINA,OFFSHORE,50000.0,7250.0,107.24037123090896,0.2411512,43.71141,0.5965544,38.96311,1.080068,727.5538,Kalimantan Timur,Kalimantan,1
Oil-Gas,PERTAMINA,OFFSHORE,140600.0,7250.0,107.24037123090896,0.2597792,96.40454,0.5535784,34.91991,12.19271,3066.96,Kalimantan Timur,Kalimantan,1
Oil-Gas,PERTAMINA,OFFSHORE,140600.0,7250.0,107.24037123090896,0.2597792,96.40454,0.5535784,34.91991,12.19271,3066.96,Kalimantan Timur,Kalimantan,1
Oil-Gas,PERTAMINA,OFFSHORE,2658100.0,7250.0,107.24037123090896,0.2776291,153.0479,0.6492208,30.30029,3.079063,11704.5,Kalimantan Timur,Kalimantan,1
Oil-Gas,PERTAMINA,OFFSHORE,2658100.0,7250.0,107.24037123090896,0.2776291,153.0479,0.6492208,30.30029,3.079063,11704.5,Kalimantan Timur,Kalimantan,1
Oil-Gas,PERTAMINA,OFFSHORE,2658100.0,7250.0,107.24037123090896,0.2776291,153.0479,0.6492208,30.30029,3.079063,11704.5,Kalimantan Timur,Kalimantan,1
Oil-Gas,PERTAMINA,OFFSHORE,2658100.0,7250.0,107.24037123090896,0.2776291,153.0479,0.6492208,30.30029,3.079063,11704.5,Kalimantan Timur,Kalimantan,1
Oil-Gas,PERTAMINA,OFFSHORE,2658100.0,7250.0,107.24037123090896,0.2776291,153.0479,0.6492208,30.30029,3.079063,11704.5,Kalimantan Timur,Kalimantan,1
Oil-Gas,PERTAMINA,OFFSHORE,2180.0,7250.0,107.24037123090896,0.2465926,299.1323,0.6112787,36.2603,1.37113,3058.025,Kalimantan Timur,Kalimantan,1
Oil,NON_PERTAMINA,BOTH,71000.0,5000.0,93.31992955040016,0.2539066,80.4604,0.5535784,36.2603,1.37113,949.1145,Laut Jawa,Jawa,1
Oil,NON_PERTAMINA,ONSHORE,25000.0,4275.0,88.00677819973974,0.2343354,41.74297,0.5990345,41.03616,1.454902,384.8121,Sumatera Selatan,Sumatera,1
Oil-Gas,NON_PERTAMINA,ONSHORE,9400.0,4275.0,88.00677819973974,0.2269958,61.49697,0.5990345,35.70847,1.390725,558.8614,Sumatera Selatan,Sumatera,1
Oil-Gas,NON_PERTAMINA,ONSHORE,60600.0,4275.0,88.00677819973974,0.2496686,331.1723,0.6112787,36.2603,1.37113,3104.354,Sumatera Selatan,Sumatera,1
Oil-Gas,NON_PERTAMINA,ONSHORE,24742.2,4275.0,88.00677819973974,0.2343354,41.74297,0.5990345,41.03616,1.454902,384.8121,Jambi,Sumatera,1
Oil,NON_PERTAMINA,ONSHORE,13867.4,4275.0,88.00677819973974,0.2336288,41.74297,0.5990345,37.24781,3.468748,937.7806,Jambi,Sumatera,1
Oil,NON_PERTAMINA,ONSHORE,73620.0,4275.0,88.00677819973974,0.2539066,80.4604,0.5535784,36.2603,1.37113,888.3505,Sumatera Selatan,Sumatera,1
Oil,PERTAMINA,ONSHORE,1937.0,4275.0,88.00677819973974,0.2375142,41.74297,0.5965544,39.99849,0.8372809,220.4449,Sumatera Selatan,Sumatera,1
Oil-Gas,PERTAMINA,ONSHORE,1800.0,4275.0,88.00677819973974,0.2615015,142.8828,0.5509793,30.66695,3.058595,511.7638,Sumatera Selatan,Sumatera,1
Oil,PERTAMINA,BOTH,12660.0,8200.0,112.29721097189412,0.2334198,41.74297,0.5990345,37.24781,3.468748,937.7806,Kalimantan Utara,Kalimantan,1
Oil-Gas,PERTAMINA,BOTH,26300.0,8200.0,112.29721097189412,0.2343354,41.74297,0.5990345,41.03616,1.454902,633.8246,Kalimantan Utara,Kalimantan,1
Oil,PERTAMINA,OFFSHORE,890.0,3775.0,84.0044226961409,0.2149256,880.524,0.5616264,38.826,1.080068,216.03,Laut Jawa,Jawa,1
Oil,PERTAMINA,OFFSHORE,3650.0,3775.0,84.0044226961409,0.2219121,178.0841,0.6152524,35.50716,4.357081,1221.409,Laut Jawa,Jawa,1
Oil,PERTAMINA,OFFSHORE,43487.0,3775.0,84.0044226961409,0.2411512,43.71141,0.5965544,38.96311,1.080068,727.5538,Laut Jawa,Jawa,1
Oil,PERTAMINA,ONSHORE,21330.0,4275.0,88.00677819973974,0.2313042,41.74297,0.5990345,35.50671,4.357081,714.8067,Riau,Sumatera,0
Oil,NON_PERTAMINA,BOTH,16000.0,3691.0,83.30002434867919,0.2351832,41.74297,0.5990345,41.03616,1.454902,397.223166666667,Papua Barat,Timur,1
Oil,NON_PERTAMINA,ONSHORE,66000.0,4275.0,88.00677819973974,0.2496686,331.1723,0.6112787,36.2603,1.37113,3345.366,Aceh,Sumatera,1
